Workbook

Sheet Rebates
B1: META Q1 | C1: Q1 | D1: % CUMPLIMIENTO | E1: % REBATE | F1: REBATE ESPERADO $ | G1: META Q2 | H1: Q2 | I1: % CUMPLIMIENTO | J1: % REBATE | K1: REBATE ESPERADO $ | L1: META Q3 | M1: Q3 | N1: % CUMPLIMIENTO | O1: % REBATE | P1: REBATE ESPERADO $ | Q1: META Q4 | R1: Q4 | S1: % CUMPLIMIENTO | T1: % REBATE | U1: REBATE ESPERADO $
A2: INDUSTRIAL | B2: 80000000 | C2: =Tablas!K3 -> 13884841 | D2: =Tablas!L3 -> 0.17356052 | E2: =IF(D2<100%,0%,IF(AND(D2>=100%,D2<110%),100%,IF(AND(D2>=110%,D2<120%),130%,150%))) -> 0 | F2: =IF(E2=100%,C2*0.04,IF(E2=130%,C2*0.052,IF(E2=150%,C2*0.06,0))) -> 0 | G2: 100000000 | H2: =Tablas!K8 -> 1.1201431e+08 | I2: =Tablas!L8 -> 1.1201431 | J2: =IF(I2<100%,0%,IF(AND(I2>=100%,I2<110%),100%,IF(AND(I2>=110%,I2<120%),130%,150%))) -> 1.3 | K2: =IF(J2=100%,H2*0.04,IF(J2=130%,H2*0.052,IF(J2=150%,H2*0.06,0))) -> 5824744.3 | L2: 120000000 | M2: =Tablas!K13 -> 53318323 | N2: =Tablas!L13 -> 0.44431936 | O2: =IF(N2<100%,0%,IF(AND(N2>=100%,N2<110%),100%,IF(AND(N2>=110%,N2<120%),130%,150%))) -> 0 | P2: =IF(O2=100%,M2*0.04,IF(O2=130%,M2*0.052,IF(O2=150%,M2*0.06,0))) -> 0 | Q2: 100000000 | R2: =Tablas!K18 -> 0 | S2: =Tablas!L18 -> 0 | T2: =IF(S2<100%,0%,IF(AND(S2>=100%,S2<110%),100%,IF(AND(S2>=110%,S2<120%),130%,150%))) -> 0 | U2: =IF(T2=100%,R2*0.04,IF(T2=130%,R2*0.055,IF(T2=150%,R2*0.065,0))) -> 0
A3: ELECTROBARRAS Y TRAFOS | B3: 200000000 | C3: =Tablas!K24 -> 53061866 | D3: =Tablas!L24 -> 0.26530933 | E3: =IF(D3<100%,0%,IF(AND(D3>=100%,D3<110%),100%,IF(AND(D3>=110%,D3<120%),130%,150%))) -> 0 | F3: =IF(E3=100%,Tablas!M24*0.04,IF(E3=130%,Tablas!M24*0.052,IF(E3=150%,Tablas!M24*0.06,0))) -> 0 | G3: 200000000 | H3: =Tablas!K29 -> 88173290 | I3: =Tablas!L29 -> 0.44086645 | J3: =IF(I3<100%,0%,IF(AND(I3>=100%,I3<110%),100%,IF(AND(I3>=110%,I3<120%),130%,150%))) -> 0 | K3: =IF(J3=100%,Tablas!M29*0.04,IF(J3=130%,Tablas!M29*0.052,IF(J3=150%,Tablas!M29*0.06,0))) -> 0 | L3: 200000000 | M3: =Tablas!K34 -> 5.7456746e+08 | N3: =Tablas!L34 -> 2.8728373 | O3: =IF(N3<100%,0%,IF(AND(N3>=100%,N3<110%),100%,IF(AND(N3>=110%,N3<120%),130%,150%))) -> 1.5 | P3: =IF(O3=100%,Tablas!M34*0.04,IF(O3=130%,Tablas!M34*0.052,IF(O3=150%,Tablas!M34*0.06,0))) -> 108637.82 | Q3: 200000000 | R3: =Tablas!K39 -> 0 | S3: =Tablas!L39 -> 0 | T3: =IF(S3<100%,0%,IF(AND(S3>=100%,S3<110%),100%,IF(AND(S3>=110%,S3<120%),130%,150%))) -> 0 | U3: =IF(T3=100%,Tablas!M39*0.04,IF(T3=130%,Tablas!M39*0.052,IF(T3=150%,Tablas!M39*0.06,0))) -> 0
A4: DC & DC | B4: 2720000000 | C4: =Tablas!K45 -> 2.7447781e+09 | D4: =Tablas!L45 -> 1.0091096 | E4: =IF(D4<100%,0%,IF(AND(D4>=100%,D4<110%),100%,IF(AND(D4>=110%,D4<120%),130%,150%))) -> 1 | F4: =IF(E4=100%,C4*0.05,IF(E4=130%,C4*0.065,IF(E4=150%,C4*0.075,0))) -> 1.372389e+08 | G4: 3400000000 | H4: =Tablas!K50 -> 4.231388e+09 | I4: =Tablas!L50 -> 1.2445259 | J4: =IF(I4<100%,0%,IF(AND(I4>=100%,I4<110%),100%,IF(AND(I4>=110%,I4<120%),130%,150%))) -> 1.5 | K4: =IF(J4=100%,H4*0.05,IF(J4=130%,H4*0.065,IF(J4=150%,H4*0.075,0))) -> 3.173541e+08 | L4: 4080000000 | M4: =Tablas!K55 -> 4.0293133e+08 | N4: =Tablas!L55 -> 0.09875768 | O4: =IF(N4<100%,0%,IF(AND(N4>=100%,N4<110%),100%,IF(AND(N4>=110%,N4<120%),130%,150%))) -> 0 | P4: =IF(O4=100%,M4*0.05,IF(O4=130%,M4*0.065,IF(O4=150%,M4*0.075,0))) -> 0 | Q4: 3400000000 | R4: =Tablas!K60 -> 0 | S4: =Tablas!L60 -> 0 | T4: =IF(S4<100%,0%,IF(AND(S4>=100%,S4<110%),100%,IF(AND(S4>=110%,S4<120%),130%,150%))) -> 0 | U4: =IF(T4=100%,R4*0.05,IF(T4=130%,R4*0.065,IF(T4=150%,R4*0.075,0))) -> 0

Sheet Tablas
A2: INDUSTRIAL | C2: MES | D2: META | E2: COMPRADO | F2: FACTURADO | G2: FACTURADO ANTERIOR | H2: FACTURADO Q | I2: PTE x FACTURAR | J2: BACK ORDER | K2: TOTAL Q1 | L2: % CUMPLIMIENTO Q1
B3: Q1 | C3: ENERO | D3: 26666667 | E3: =SUMIFS(Compras!N:N,Compras!G:G,$A$2,Compras!D:D,C3) -> 506970 | F3: =SUMIFS(Facturado!Q:Q,Facturado!K:K,$A$2,Facturado!C:C,C3) -> 2099486.6 | G3: =IF(E3=0,F3,SUMIFS(Facturado!Q:Q,Facturado!K:K,$A$2,Facturado!C:C,C3,Facturado!H:H,"SI")) -> 1592516.8 | H3: =F3-G3 -> 506969.75 | I3: =IF(H3<E3,E3-H3,0) -> 0.25 | J3: =I3+I4 -> 0.25 | K3: =IF(F6<D6,(F6+J3),F6) -> 13884841 | L3: =IFERROR(((K3/D6)*100)/100,0) -> 0.17356052
C4: FEBRERO | D4: 26666667 | E4: =SUMIFS(Compras!N:N,Compras!G:G,$A$2,Compras!D:D,C4) -> 1462586.7 | F4: =SUMIFS(Facturado!Q:Q,Facturado!K:K,$A$2,Facturado!C:C,C4) -> 1680300 | G4: =IF(E4=0,F4,SUMIFS(Facturado!Q:Q,Facturado!K:K,$A$2,Facturado!C:C,C4,Facturado!H:H,"SI")) -> 0 | H4: =F4-G4 -> 1680300 | I4: =IF(H4<E4,E4-H4,0) -> 0
C5: MARZO | D5: 26666667 | E5: =SUMIFS(Compras!N:N,Compras!G:G,$A$2,Compras!D:D,C5) -> 18431231 | F5: =SUMIFS(Facturado!Q:Q,Facturado!K:K,$A$2,Facturado!C:C,C5) -> 10105054 | G5: =IF(E5=0,F5,SUMIFS(Facturado!Q:Q,Facturado!K:K,$A$2,Facturado!C:C,C5,Facturado!H:H,"SI")) -> 0 | H5: =F5-G5 -> 10105054
C6: TOTALES | D6: =SUM(D3:D5) -> 80000000 | F6: =SUM(F3:F5) -> 13884841
C7: MES | D7: META | E7: COMPRADO | F7: FACTURADO | G7: FACTURADO ANTERIOR | H7: FACTURADO Q | I7: PTE x FACTURAR | J7: BACK ORDER | K7: TOTAL Q2 | L7: % CUMPLIMIENTO Q2
B8: Q2 | C8: ABRIL | D8: =33333333 -> 33333333 | E8: =SUMIFS(Compras!N:N,Compras!G:G,$A$2,Compras!D:D,C8) -> 57100650 | F8: =SUMIFS(Facturado!Q:Q,Facturado!K:K,$A$2,Facturado!C:C,C8) -> 56933765 | G8: =IF(E8=0,F8,SUMIFS(Facturado!Q:Q,Facturado!K:K,$A$2,Facturado!C:C,C8,Facturado!I:I,"<>Q2")) -> 4805120 | H8: =F8-G8 -> 52128645 | I8: =IF(H8<E8,E8-H8,0) -> 4972005 | J8: =I8+I9 -> 67454960 | K8: =IF(F11<D11,(F11+J8),F11) -> 1.1201431e+08 | L8: =IFERROR(((K8/D11)*100)/100,0) -> 1.1201431
C9: MAYO | D9: =33333333 -> 33333333 | E9: =SUMIFS(Compras!N:N,Compras!G:G,$A$2,Compras!D:D,C9) -> 72183238 | F9: =SUMIFS(Facturado!Q:Q,Facturado!K:K,$A$2,Facturado!C:C,C9) -> 18658434 | G9: =IF(E9=0,F9,SUMIFS(Facturado!Q:Q,Facturado!K:K,$A$2,Facturado!C:C,C9,Facturado!I:I,"<>Q2")) -> 8958150.4 | H9: =F9-G9 -> 9700283.2 | I9: =IF(H9<E9,E9-H9,0) -> 62482955
C10: JUNIO | D10: =33333334 -> 33333334 | E10: =SUMIFS(Compras!N:N,Compras!G:G,$A$2,Compras!D:D,C10) -> 10017000 | F10: =SUMIFS(Facturado!Q:Q,Facturado!K:K,$A$2,Facturado!C:C,C10) -> 36422115 | G10: =IF(E10=0,F10,SUMIFS(Facturado!Q:Q,Facturado!K:K,$A$2,Facturado!C:C,C10,Facturado!I:I,"<>Q2")) -> 5647703.4 | H10: =F10-G10 -> 30774412
C11: TOTALES | D11: =SUM(D8:D10) -> 100000000 | F11: =SUM(F8:F10) -> 1.1201431e+08
C12: MES | D12: META | E12: COMPRADO | F12: FACTURADO | G12: FACTURADO ANTERIOR | H12: FACTURADO Q | I12: PTE x FACTURAR | J12: BACK ORDER | K12: TOTAL Q3 | L12: % CUMPLIMIENTO Q3
B13: Q3 | C13: JULIO | D13: 40000000 | E13: =SUMIFS(Compras!N:N,Compras!G:G,$A$2,Compras!D:D,C13) -> 6255743 | F13: =SUMIFS(Facturado!Q:Q,Facturado!K:K,$A$2,Facturado!C:C,C13) -> 41312985 | G13: =IF(E13=0,F13,SUMIFS(Facturado!Q:Q,Facturado!K:K,$A$2,Facturado!C:C,C13,Facturado!I:I,"<>Q3")) -> 40848900 | H13: =F13-G13 -> 464084.88 | I13: =IF(H13<E13,E13-H13,0) -> 5791658.1 | J13: =I13+I14 -> 5791658.1 | K13: =IF(F16<D16,(F16+J13),F16) -> 53318323 | L13: =IFERROR(((K13/D16)*100)/100,0) -> 0.44431936
C14: AGOSTO | D14: 40000000 | E14: =SUMIFS(Compras!N:N,Compras!G:G,$A$2,Compras!D:D,C14) -> 0 | F14: =SUMIFS(Facturado!Q:Q,Facturado!K:K,$A$2,Facturado!C:C,C14) -> 6213679.8 | G14: =IF(E14=0,F14,SUMIFS(Facturado!Q:Q,Facturado!K:K,$A$2,Facturado!C:C,C14,Facturado!I:I,"<>Q3")) -> 6213679.8 | H14: =F14-G14 -> 0 | I14: =IF(H14<E14,E14-H14,0) -> 0
C15: SEPTIEMBRE | D15: 40000000 | E15: =SUMIFS(Compras!N:N,Compras!G:G,$A$2,Compras!D:D,C15) -> 0 | F15: =SUMIFS(Facturado!Q:Q,Facturado!K:K,$A$2,Facturado!C:C,C15) -> 0 | G15: =IF(E15=0,F15,SUMIFS(Facturado!Q:Q,Facturado!K:K,$A$2,Facturado!C:C,C15,Facturado!I:I,"<>Q3")) -> 0 | H15: =F15-G15 -> 0
C16: TOTALES | D16: =SUM(D13:D15) -> 120000000 | F16: =SUM(F13:F15) -> 47526665
C17: MES | D17: META | E17: COMPRADO | F17: FACTURADO | G17: FACTURADO ANTERIOR | H17: FACTURADO Q | I17: PTE x FACTURAR | J17: BACK ORDER | K17: TOTAL Q4 | L17: % CUMPLIMIENTO Q4
B18: Q4 | C18: OCTUBRE | D18: =33333333 -> 33333333 | E18: =SUMIFS(Compras!N:N,Compras!G:G,$A$2,Compras!D:D,C18) -> 0 | F18: =SUMIFS(Facturado!Q:Q,Facturado!K:K,$A$2,Facturado!C:C,C18) -> 0 | G18: =IF(E18=0,F18,SUMIFS(Facturado!Q:Q,Facturado!K:K,$A$2,Facturado!C:C,C18,Facturado!I:I,"<>Q4")) -> 0 | H18: =F18-G18 -> 0 | I18: =IF(H18<E18,E18-H18,0) -> 0 | J18: =I18+I19 -> 0 | K18: =IF(F21<D21,(F21+J18),F21) -> 0 | L18: =IFERROR(((K18/D21)*100)/100,0) -> 0
C19: NOVIEMBRE | D19: =33333333 -> 33333333 | E19: =SUMIFS(Compras!N:N,Compras!G:G,$A$2,Compras!D:D,C19) -> 0 | F19: =SUMIFS(Facturado!Q:Q,Facturado!K:K,$A$2,Facturado!C:C,C19) -> 0 | G19: =IF(E19=0,F19,SUMIFS(Facturado!Q:Q,Facturado!K:K,$A$2,Facturado!C:C,C19,Facturado!I:I,"<>Q4")) -> 0 | H19: =F19-G19 -> 0 | I19: =IF(H19<E19,E19-H19,0) -> 0
C20: DICIEMBRE | D20: =33333334 -> 33333334 | E20: =SUMIFS(Compras!N:N,Compras!G:G,$A$2,Compras!D:D,C20) -> 0 | F20: =SUMIFS(Facturado!Q:Q,Facturado!K:K,$A$2,Facturado!C:C,C20) -> 0 | G20: =IF(E20=0,F20,SUMIFS(Facturado!Q:Q,Facturado!K:K,$A$2,Facturado!C:C,C20,Facturado!I:I,"<>Q4")) -> 0 | H20: =F20-G20 -> 0
C21: TOTALES | D21: =SUM(D18:D20) -> 100000000 | F21: =SUM(F18:F20) -> 0
A23: ELECTROBARRAS | C23: MES | D23: META | E23: COMPRADO | F23: FACTURADO | G23: FACTURADO ANTERIOR | H23: FACTURADO Q | I23: PTE x FACTURAR | J23: BACK ORDER | K23: TOTAL Q1 | L23: % CUMPLIMIENTO Q1 | M23: TOTAL ELECTROBARRAS Q1
B24: Q1 | C24: ENERO | D24: 66666666 | E24: =SUMIFS(Compras!N:N,Compras!G:G,$A$23,Compras!D:D,C24) -> 0 | F24: =SUMIFS(Facturado!Q:Q,Facturado!K:K,$A$23,Facturado!C:C,C24) -> 3600250.4 | G24: =IF(E24=0,F24,SUMIFS(Facturado!Q:Q,Facturado!K:K,$A$23,Facturado!C:C,C24,Facturado!H:H,"SI")) -> 3600250.4 | H24: =F24-G24 -> 0 | I24: =IF(H24<E24,E24-H24,0) -> 0 | J24: =I24+I25 -> 0 | K24: =IF(F27<D27,(F27+J24),F27) -> 53061866 | L24: =IFERROR(((K24/D27)*100)/100,0) -> 0.26530933 | M24: =SUMIFS(Facturado!Q:Q,Facturado!L:L,$A$23,Facturado!D:D,B24) -> 53061866
C25: FEBRERO | D25: 66666666 | E25: =SUMIFS(Compras!N:N,Compras!G:G,$A$23,Compras!D:D,C25) -> 0 | F25: =SUMIFS(Facturado!Q:Q,Facturado!K:K,$A$23,Facturado!C:C,C25) -> 48735395 | G25: =IF(E25=0,F25,SUMIFS(Facturado!Q:Q,Facturado!K:K,$A$23,Facturado!C:C,C25,Facturado!H:H,"SI")) -> 48735395 | H25: =F25-G25 -> 0 | I25: =IF(H25<E25,E25-H25,0) -> 0
C26: MARZO | D26: 66666668 | E26: =SUMIFS(Compras!N:N,Compras!G:G,$A$23,Compras!D:D,C26) -> 0 | F26: =SUMIFS(Facturado!Q:Q,Facturado!K:K,$A$23,Facturado!C:C,C26) -> 726221.01 | G26: =IF(E26=0,F26,SUMIFS(Facturado!Q:Q,Facturado!K:K,$A$23,Facturado!C:C,C26,Facturado!H:H,"SI")) -> 726221.01 | H26: =F26-G26 -> 0
C27: TOTALES | D27: =SUM(D24:D26) -> 200000000 | F27: =SUM(F24:F26) -> 53061866
C28: MES | D28: META | E28: COMPRADO | F28: FACTURADO | G28: FACTURADO ANTERIOR | H28: FACTURADO Q | I28: PTE x FACTURAR | J28: BACK ORDER | K28: TOTAL Q2 | L28: % CUMPLIMIENTO Q1 | M28: TOTAL ELECTROBARRAS Q2
B29: Q2 | C29: ABRIL | D29: 66666666 | E29: =SUMIFS(Compras!N:N,Compras!G:G,$A$23,Compras!D:D,C29) -> 0 | F29: =SUMIFS(Facturado!Q:Q,Facturado!K:K,$A$23,Facturado!C:C,C29) -> 38949827 | G29: =IF(E29=0,F29,SUMIFS(Facturado!Q:Q,Facturado!K:K,$A$2,Facturado!C:C,C29,Facturado!H:H,"SI",Facturado!D:D,"Q1")) -> 38949827 | H29: =F29-G29 -> 0 | I29: =IF(H29<E29,E29-H29,0) -> 0 | J29: =I29+I30 -> 0 | K29: =IF(F32<D32,(F32+J29),F32) -> 88173290 | L29: =IFERROR(((K29/D32)*100)/100,0) -> 0.44086645 | M29: =SUMIFS(Facturado!Q:Q,Facturado!L:L,$A$23,Facturado!D:D,B29) -> 38949827
C30: MAYO | D30: 66666666 | E30: =SUMIFS(Compras!N:N,Compras!G:G,$A$23,Compras!D:D,C30) -> 0 | F30: =SUMIFS(Facturado!Q:Q,Facturado!K:K,$A$23,Facturado!C:C,C30) -> 0 | G30: =IF(E30=0,F30,SUMIFS(Facturado!Q:Q,Facturado!K:K,$A$23,Facturado!C:C,C30,Facturado!H:H,"SI")) -> 0 | H30: =F30-G30 -> 0 | I30: =IF(H30<E30,E30-H30,0) -> 0
C31: JUNIO | D31: 66666668 | E31: =SUMIFS(Compras!N:N,Compras!G:G,$A$23,Compras!D:D,C31) -> 0 | F31: =SUMIFS(Facturado!Q:Q,Facturado!K:K,$A$23,Facturado!C:C,C31) -> 49223463 | G31: =IF(E31=0,F31,SUMIFS(Facturado!Q:Q,Facturado!K:K,$A$23,Facturado!C:C,C31,Facturado!H:H,"SI")) -> 49223463 | H31: =F31-G31 -> 0
C32: TOTALES | D32: =SUM(D29:D31) -> 200000000 | F32: =SUM(F29:F31) -> 88173290
C33: MES | D33: META | E33: COMPRADO | F33: FACTURADO | G33: FACTURADO ANTERIOR | H33: FACTURADO Q | I33: PTE x FACTURAR | J33: BACK ORDER | K33: TOTAL Q3 | L33: % CUMPLIMIENTO Q1 | M33: TOTAL ELECTROBARRAS Q3
B34: Q3 | C34: JULIO | D34: 66666666 | E34: =SUMIFS(Compras!N:N,Compras!G:G,$A$23,Compras!D:D,C34) -> 49223463 | F34: =SUMIFS(Facturado!Q:Q,Facturado!K:K,$A$23,Facturado!C:C,C34) -> 0 | G34: =IF(E34=0,F34,SUMIFS(Facturado!Q:Q,Facturado!K:K,$A$23,Facturado!C:C,C34,Facturado!H:H,"SI")) -> 0 | H34: =F34-G34 -> 0 | I34: =IF(H34<E34,E34-H34,0) -> 49223463 | J34: =I34+I35 -> 572756833 | K34: =IF(F37<D37,(F37+J34),F37) -> 5.7456746e+08 | L34: =IFERROR(((K34/D37)*100)/100,0) -> 2.8728373 | M34: =SUMIFS(Facturado!Q:Q,Facturado!L:L,$A$23,Facturado!D:D,B34) -> 1810630.2
C35: AGOSTO | D35: 66666666 | E35: =SUMIFS(Compras!N:N,Compras!G:G,$A$23,Compras!D:D,C35) -> 523533370 | F35: =SUMIFS(Facturado!Q:Q,Facturado!K:K,$A$23,Facturado!C:C,C35) -> 0 | G35: =IF(E35=0,F35,SUMIFS(Facturado!Q:Q,Facturado!K:K,$A$23,Facturado!C:C,C35,Facturado!H:H,"SI")) -> 0 | H35: =F35-G35 -> 0 | I35: =IF(H35<E35,E35-H35,0) -> 523533370
C36: SEPTIEMBRE | D36: 66666668 | E36: =SUMIFS(Compras!N:N,Compras!G:G,$A$23,Compras!D:D,C36) -> 8732512.2 | F36: =SUMIFS(Facturado!Q:Q,Facturado!K:K,$A$23,Facturado!C:C,C36) -> 1810630.2 | G36: =IF(E36=0,F36,SUMIFS(Facturado!Q:Q,Facturado!K:K,$A$23,Facturado!C:C,C36,Facturado!H:H,"SI")) -> 0 | H36: =F36-G36 -> 1810630.2
C37: TOTALES | D37: =SUM(D34:D36) -> 200000000 | F37: =SUM(F34:F36) -> 1810630.2
C38: MES | D38: META | E38: COMPRADO | F38: FACTURADO | G38: FACTURADO ANTERIOR | H38: FACTURADO Q | I38: PTE x FACTURAR | J38: BACK ORDER | K38: TOTAL Q4 | L38: % CUMPLIMIENTO Q1 | M38: TOTAL ELECTROBARRAS Q4
B39: Q4 | C39: OCTUBRE | D39: 66666666 | E39: =SUMIFS(Compras!N:N,Compras!G:G,$A$23,Compras!D:D,C39) -> 0 | F39: =SUMIFS(Facturado!Q:Q,Facturado!K:K,$A$23,Facturado!C:C,C39) -> 0 | G39: =IF(E39=0,F39,SUMIFS(Facturado!Q:Q,Facturado!K:K,$A$23,Facturado!C:C,C39,Facturado!H:H,"SI")) -> 0 | H39: =F39-G39 -> 0 | I39: =IF(H39<E39,E39-H39,0) -> 0 | J39: =I39+I40 -> 0 | K39: =IF(F42<D42,(F42+J39),F42) -> 0 | L39: =IFERROR(((K39/D42)*100)/100,0) -> 0 | M39: =SUMIFS(Facturado!Q:Q,Facturado!L:L,$A$23,Facturado!D:D,B39) -> 0
C40: NOVIEMBRE | D40: 66666666 | E40: =SUMIFS(Compras!N:N,Compras!G:G,$A$23,Compras!D:D,C40) -> 0 | F40: =SUMIFS(Facturado!Q:Q,Facturado!K:K,$A$23,Facturado!C:C,C40) -> 0 | G40: =IF(E40=0,F40,SUMIFS(Facturado!Q:Q,Facturado!K:K,$A$23,Facturado!C:C,C40,Facturado!H:H,"SI")) -> 0 | H40: =F40-G40 -> 0 | I40: =IF(H40<E40,E40-H40,0) -> 0
C41: DICIEMBRE | D41: 66666668 | E41: =SUMIFS(Compras!N:N,Compras!G:G,$A$23,Compras!D:D,C41) -> 0 | F41: =SUMIFS(Facturado!Q:Q,Facturado!K:K,$A$23,Facturado!C:C,C41) -> 0 | G41: =IF(E41=0,F41,SUMIFS(Facturado!Q:Q,Facturado!K:K,$A$23,Facturado!C:C,C41,Facturado!H:H,"SI")) -> 0 | H41: =F41-G41 -> 0
C42: TOTALES | D42: =SUM(D39:D41) -> 200000000 | F42: =SUM(F39:F41) -> 0
A44: DC & DC | C44: MES | D44: META | E44: COMPRADO | F44: FACTURADO | G44: FACTURADO ANTERIOR | H44: FACTURADO Q | I44: PTE x FACTURAR | J44: BACK ORDER | K44: TOTAL Q1 | L44: % CUMPLIMIENTO Q1
B45: Q1 | C45: ENERO | D45: 9.0666667e+08 | E45: =SUMIFS(Compras!N:N,Compras!G:G,$A$44,Compras!D:D,C45) -> 2.1813204e+09 | F45: =SUMIFS(Facturado!Q:Q,Facturado!K:K,$A$44,Facturado!C:C,C45) -> 4.5815318e+08 | G45: =IF(E45=0,F45,SUMIFS(Facturado!Q:Q,Facturado!K:K,$A$44,Facturado!C:C,C45,Facturado!H:H,"SI")) -> 2.7663887e+08 | H45: =F45-G45 -> 1.8151431e+08 | I45: =IF(H45<E45,E45-H45,0) -> 1.9998061e+09 | J45: =I45+I46 -> 1.9998061e+09 | K45: =IF(F48<D48,(F48+J45),F48) -> 2.7447781e+09 | L45: =IFERROR(((K45/D48)*100)/100,0) -> 1.0091096
C46: FEBRERO | D46: 9.0666667e+08 | E46: =SUMIFS(Compras!N:N,Compras!G:G,$A$44,Compras!D:D,C46) -> 39604245 | F46: =SUMIFS(Facturado!Q:Q,Facturado!K:K,$A$44,Facturado!C:C,C46) -> 9.8558688e+08 | G46: =IF(E46=0,F46,SUMIFS(Facturado!Q:Q,Facturado!K:K,$A$44,Facturado!C:C,C46,Facturado!H:H,"SI")) -> 1.078816e+08 | H46: =F46-G46 -> 8.7770529e+08 | I46: =IF(H46<E46,E46-H46,0) -> 0
C47: MARZO | D47: 9.0666667e+08 | E47: =SUMIFS(Compras!N:N,Compras!G:G,$A$44,Compras!D:D,C47) -> 2.1826396e+08 | F47: =SUMIFS(Facturado!Q:Q,Facturado!K:K,$A$44,Facturado!C:C,C47) -> 1.301038e+09 | G47: =IF(E47=0,F47,SUMIFS(Facturado!Q:Q,Facturado!K:K,$A$44,Facturado!C:C,C47,Facturado!H:H,"SI")) -> 5.7953239e+08 | H47: =F47-G47 -> 7.215056e+08
C48: TOTALES | D48: =SUM(D45:D47) -> 2720000000 | F48: =SUM(F45:F47) -> 2.7447781e+09
C49: MES | D49: META | E49: COMPRADO | F49: FACTURADO | G49: FACTURADO ANTERIOR | H49: FACTURADO Q | I49: PTE x FACTURAR | J49: BACK ORDER | K49: TOTAL Q2 | L49: % CUMPLIMIENTO Q1
B50: Q2 | C50: ABRIL | D50: 1.1333333e+09 | E50: =SUMIFS(Compras!N:N,Compras!G:G,$A$44,Compras!D:D,C50) -> 3.2525366e+08 | F50: =SUMIFS(Facturado!Q:Q,Facturado!K:K,$A$44,Facturado!C:C,C50) -> 7.9325922e+08 | G50: =IF(E50=0,F50,SUMIFS(Facturado!Q:Q,Facturado!K:K,$A$44,Facturado!C:C,C50,Facturado!I:I,"<>Q2")) -> 6.0078249e+08 | H50: =F50-G50 -> 1.9247673e+08 | I50: =IF(H50<E50,E50-H50,0) -> 1.3277692e+08 | J50: =I50+I51 -> 1.1156435e+09 | K50: =IF(F53<D53,(F53+J50),F53) -> 4.231388e+09 | L50: =IFERROR(((K50/D53)*100)/100,0) -> 1.2445259
C51: MAYO | D51: 1.1333333e+09 | E51: =SUMIFS(Compras!N:N,Compras!G:G,$A$44,Compras!D:D,C51) -> 9.8776183e+08 | F51: =SUMIFS(Facturado!Q:Q,Facturado!K:K,$A$44,Facturado!C:C,C51) -> 8.8122126e+08 | G51: =IF(E51=0,F51,SUMIFS(Facturado!Q:Q,Facturado!K:K,$A$44,Facturado!C:C,C51,Facturado!I:I,"<>Q2")) -> 8.7632604e+08 | H51: =F51-G51 -> 4895225.2 | I51: =IF(H51<E51,E51-H51,0) -> 9.828666e+08
C52: JUNIO | D52: 1.1333333e+09 | E52: =SUMIFS(Compras!N:N,Compras!G:G,$A$44,Compras!D:D,C52) -> 1.4345102e+08 | F52: =SUMIFS(Facturado!Q:Q,Facturado!K:K,$A$44,Facturado!C:C,C52) -> 1.441264e+09 | G52: =IF(E52=0,F52,SUMIFS(Facturado!Q:Q,Facturado!K:K,$A$44,Facturado!C:C,C52,Facturado!I:I,"<>Q2")) -> 1.217375e+08 | H52: =F52-G52 -> 1.3195265e+09
C53: TOTALES | D53: =SUM(D50:D52) -> 3400000000 | F53: =SUM(F50:F52) -> 3.1157445e+09
C54: MES | D54: META | E54: COMPRADO | F54: FACTURADO | G54: FACTURADO ANTERIOR | H54: FACTURADO Q | I54: PTE x FACTURAR | J54: BACK ORDER | K54: TOTAL Q3 | L54: % CUMPLIMIENTO Q1
B55: Q3 | C55: JULIO | D55: 1360000000 | E55: =SUMIFS(Compras!N:N,Compras!G:G,$A$44,Compras!D:D,C55) -> 40856355 | F55: =SUMIFS(Facturado!Q:Q,Facturado!K:K,$A$44,Facturado!C:C,C55) -> 2.7990371e+08 | G55: =IF(E55=0,F55,SUMIFS(Facturado!Q:Q,Facturado!K:K,$A$44,Facturado!C:C,C55,Facturado!I:I,"<>Q3")) -> 2.6735975e+08 | H55: =F55-G55 -> 12543964 | I55: =IF(H55<E55,E55-H55,0) -> 28312390 | J55: =I55+I56 -> 45431722 | K55: =IF(F58<D58,(F58+J55),F58) -> 4.0293133e+08 | L55: =IFERROR(((K55/D58)*100)/100,0) -> 0.09875768
C56: AGOSTO | D56: 1360000000 | E56: =SUMIFS(Compras!N:N,Compras!G:G,$A$44,Compras!D:D,C56) -> 41060322 | F56: =SUMIFS(Facturado!Q:Q,Facturado!K:K,$A$44,Facturado!C:C,C56) -> 26455756 | G56: =IF(E56=0,F56,SUMIFS(Facturado!Q:Q,Facturado!K:K,$A$44,Facturado!C:C,C56,Facturado!I:I,"<>Q3")) -> 2514766.4 | H56: =F56-G56 -> 23940990 | I56: =IF(H56<E56,E56-H56,0) -> 17119332
C57: SEPTIEMBRE | D57: 1360000000 | E57: =SUMIFS(Compras!N:N,Compras!G:G,$A$44,Compras!D:D,C57) -> 44997568 | F57: =SUMIFS(Facturado!Q:Q,Facturado!K:K,$A$44,Facturado!C:C,C57) -> 51140143 | G57: =IF(E57=0,F57,SUMIFS(Facturado!Q:Q,Facturado!K:K,$A$44,Facturado!C:C,C57,Facturado!I:I,"<>Q3")) -> 36846886 | H57: =F57-G57 -> 14293257
C58: TOTALES | D58: =SUM(D55:D57) -> 4080000000 | F58: =SUM(F55:F57) -> 3.5749961e+08
C59: MES | D59: META | E59: COMPRADO | F59: FACTURADO | G59: FACTURADO ANTERIOR | H59: FACTURADO Q | I59: PTE x FACTURAR | J59: BACK ORDER | K59: TOTAL Q4 | L59: % CUMPLIMIENTO Q1
B60: Q4 | C60: OCTUBRE | D60: 1.1333333e+09 | E60: =SUMIFS(Compras!N:N,Compras!G:G,$A$44,Compras!D:D,C60) -> 0 | F60: =SUMIFS(Facturado!Q:Q,Facturado!K:K,$A$44,Facturado!C:C,C60) -> 0 | G60: =IF(E60=0,F60,SUMIFS(Facturado!Q:Q,Facturado!K:K,$A$44,Facturado!C:C,C60,Facturado!I:I,"<>Q2")) -> 0 | H60: =F60-G60 -> 0 | I60: =IF(H60<E60,E60-H60,0) -> 0 | J60: =I60+I61 -> 0 | K60: =IF(F63<D63,(F63+J60),F63) -> 0 | L60: =IFERROR(((K60/D63)*100)/100,0) -> 0
C61: NOVIEMBRE | D61: 1.1333333e+09 | E61: =SUMIFS(Compras!N:N,Compras!G:G,$A$44,Compras!D:D,C61) -> 0 | F61: =SUMIFS(Facturado!Q:Q,Facturado!K:K,$A$44,Facturado!C:C,C61) -> 0 | G61: =IF(E61=0,F61,SUMIFS(Facturado!Q:Q,Facturado!K:K,$A$44,Facturado!C:C,C61,Facturado!I:I,"<>Q2")) -> 0 | H61: =F61-G61 -> 0 | I61: =IF(H61<E61,E61-H61,0) -> 0
C62: DICIEMBRE | D62: 1.1333333e+09 | E62: =SUMIFS(Compras!N:N,Compras!G:G,$A$44,Compras!D:D,C62) -> 0 | F62: =SUMIFS(Facturado!Q:Q,Facturado!K:K,$A$44,Facturado!C:C,C62) -> 0 | G62: =IF(E62=0,F62,SUMIFS(Facturado!Q:Q,Facturado!K:K,$A$44,Facturado!C:C,C62,Facturado!I:I,"<>Q2")) -> 0 | H62: =F62-G62 -> 0
C63: TOTALES | D63: =SUM(D60:D62) -> 3400000000 | F63: =SUM(F60:F62) -> 0

Sheet Facturado
A1: Factura | B1: Fecha Factura | C1: Mes | D1: Trimestre | E1: OC | F1: Fecha Compra | G1: Mes | H1: OC ANTIGUA | I1: Trimestre Compra | J1: Linea de negocio | K1: Categoria | L1: Subcategoria | M1: Producto | N1: Cantidad Facturada | O1: Moneda | P1: Precio Unitario | Q1: Subtotal | R1: Uso
A2: 673842 | B2: 46269 | C2: SEPTIEMBRE | D2: Q3 | E2: P01181 | F2: 46261.586 | G2: AGOSTO | H2: NO | I2: Q3 | J2: TELECOMUNICACIONES | K2: DC & DC | L2: ACCESORIOS | M2: [KP9999] Caja de escritorio de quorum, incluyeuna toma electrica precableada, tapa color negro | N2: 5 | O2: COP | P2: 303755.63 | Q2: 1518778.1 | R2: no
A3: 673841 | B3: 46269 | C3: SEPTIEMBRE | D3: Q3 | E3: P01134 | F3: 46212.505 | G3: JULIO | H3: NO | I3: Q3 | J3: TELECOMUNICACIONES | K3: DC & DC | L3: FIBRA ÓPTICA | M3: [32165] Bandeja de fibra 48 Fibras 1 RU Deslizable. Bandeja pre-armada para 48 Fibras Monomodo, Incluye: * Bandeja de protección de fusiones para 48 hilos * 2 prensaestopas para la entrada de la fibra óptica * Tornillos de Fijación * 24 Adaptadores duplex LC - LC | N3: 10 | O3: COP | P3: 194963.11 | Q3: 1949631.1 | R3: no
A4: 673840 | B4: 46269 | C4: SEPTIEMBRE | D4: Q3 | E4: P01108 | F4: 46190.654 | G4: JUNIO | H4: NO | I4: Q2 | J4: TELECOMUNICACIONES | K4: DC & DC | L4: FIBRA ÓPTICA | M4: [32165] Bandeja de fibra 48 Fibras 1 RU Deslizable. Bandeja pre-armada para 48 Fibras Monomodo, Incluye: * Bandeja de protección de fusiones para 48 hilos * 2 prensaestopas para la entrada de la fibra óptica * Tornillos de Fijación * 24 Adaptadores duplex LC - LC | N4: 15 | O4: COP | P4: 193859.22 | Q4: 2907888.3 | R4: no
A5: 673822 | B5: 46268 | C5: SEPTIEMBRE | D5: Q3 | E5: P01185 | F5: 46269.63 | G5: SEPTIEMBRE | H5: NO | I5: Q3 | J5: INDUSTRIAL | K5: ELECTROBARRAS | L5: ELECTROBARRAS | M5: [4419ZC] ELECTROBARRA MR MEDIA P MANUF Curva vertical + Conector 50401005+50400435 | N5: 1 | O5: COP | P5: 1810630.2 | Q5: 1810630.2 | R5: no
A6: 673810 | B6: 46268 | C6: SEPTIEMBRE | D6: Q3 | G6: ENERO | H6: NO | I6: Q1 | J6: TELECOMUNICACIONES | K6: DC & DC | L6: PATCH CORD | M6: [MC6A10-06] PATCH CORD CAT 6A, U/UTP, MOD8,10FT(3 METROS) AZUL | N6: 47 | O6: COP | P6: 58568.94 | Q6: 2752740.2 | R6: no
A7: 673797 | B7: 46268 | C7: SEPTIEMBRE | D7: Q3 | E7: P01141 | F7: 46255.552 | G7: AGOSTO | H7: NO | I7: Q3 | J7: POWER QUALITY | K7: DC & DC | M7: [ST15KT1DY] Transformador de Aislamiento de entrada | N7: 1 | O7: COP | P7: 10824848 | Q7: 10824848 | R7: no
A8: 673796 | B8: 46268 | C8: SEPTIEMBRE | D8: Q3 | E8: P01112 | F8: 46191.394 | G8: JUNIO | H8: NO | I8: Q2 | J8: INDUSTRIAL | K8: PHYSICAL SUPPORT | L8: DUCTO DLP | M8: [10785] Ángulo plano variable | N8: 10 | O8: COP | P8: 18995.04 | Q8: 189950.4 | R8: no
A9: 673795 | B9: 46268 | C9: SEPTIEMBRE | D9: Q3 | E9: P01031 | F9: 46126.404 | G9: ABRIL | H9: NO | I9: Q2 | J9: TELECOMUNICACIONES | K9: DC & DC | L9: PATCH CORD | M9: [MC6A10-06] PATCH CORD CAT 6A, U/UTP, MOD8,10FT(3 METROS) AZUL | N9: 47 | O9: COP | P9: 62384.05 | Q9: 2932050.4 | R9: no
A10: 673794 | B10: 46268 | C10: SEPTIEMBRE | D10: Q3 | E10: P00923 | F10: 46050.437 | G10: ENERO | H10: NO | I10: Q1 | J10: POWER QUALITY | K10: DC & DC | M10: [827055010000] UPS Forte de 10kVA a 208VAC | N10: 2 | O10: COP | P10: 14127103 | Q10: 28254207 | R10: no
A11: 673301 | B11: 46254 | C11: AGOSTO | D11: Q3 | E11: P01162 | F11: 46248.648 | G11: AGOSTO | H11: NO | I11: Q3 | J11: TELECOMUNICACIONES | K11: DC & DC | L11: ACCESORIOS | M11: [GBH19KIT] KIT DE BARRAJE HORIZONTAL PARA RACK DE 1"X19-1/4" | N11: 1 | O11: COP | P11: 275908.4 | Q11: 275908.4 | R11: no
A12: 673300 | B12: 46254 | C12: AGOSTO | D12: Q3 | E12: P01163 | F12: 46248.651 | G12: AGOSTO | H12: NO | I12: Q3 | J12: TELECOMUNICACIONES | K12: DC & DC | L12: JACKS | M12: [HDJS6A25] JACK HDJ, CATEGORÍA 6A, F/UTP - U/FTP - S/FTP. 100% METÁLICO, PRECIO POR PAQUETE DE 25 UNIDADES, INCLUYE HERRAMIENTA | N12: 25 | O12: COP | P12: 567850.02 | Q12: 14196250 | R12: no
A13: 673300 | B13: 46254 | C13: AGOSTO | D13: Q3 | E13: P01163 | F13: 46248.651 | G13: AGOSTO | H13: NO | I13: Q3 | J13: TELECOMUNICACIONES | K13: DC & DC | L13: ACCESORIOS | M13: [033684] Herraje Plano HD Modular 48 Puertos 1U. Incluye 4 modulos deslizables hacía adelante. NO incluye Jacks. Compatible con Jacks HDJ NO blindados, blindados y de fibra óptica. Color: Negro | N13: 29 | O13: COP | P13: 168321.39 | Q13: 4881320.3 | R13: no
A14: 673300 | B14: 46254 | C14: AGOSTO | D14: Q3 | E14: P01163 | F14: 46248.651 | G14: AGOSTO | H14: NO | I14: Q3 | J14: TELECOMUNICACIONES | K14: DC & DC | L14: ACCESORIOS | M14: [GB4X20TMGBKIT] Kit PBB / TMGB incluye: · Barraje GB4X20TMGB de 1/4" X 4" X 20". | N14: 1 | O14: COP | P14: 972008.18 | Q14: 972008.18 | R14: no
A15: 673299 | B15: 46254 | C15: AGOSTO | D15: Q3 | E15: P01126 | F15: 46209.643 | G15: JULIO | H15: NO | I15: Q3 | J15: TELECOMUNICACIONES | K15: DC & DC | L15: ACCESORIOS | M15: [GB2X10TGB] BARRAJE SECUNDARIO DE PUESTA A TIERRA TELECOMUNICACIONESSBB TGB DE 1/4" X 2" X10" INCLUYE AISLADORES Y ANTIOXIDANTE | N15: 4 | O15: COP | P15: 261177.52 | Q15: 1044710.1 | R15: no
A16: 673257 | B16: 46252 | C16: AGOSTO | D16: Q3 | E16: P01161 | F16: 46240.648 | G16: AGOSTO | H16: NO | I16: Q3 | J16: TELECOMUNICACIONES | K16: DC & DC | L16: ACCESORIOS | M16: [RFBA4R25] CAJA DE ACERO PARA CONCRETO DE 4 SALIDAS. COMPATIBLE CON TAPA FPB Y FPC | N16: 2 | O16: COP | P16: 693885.3 | Q16: 1387770.6 | R16: no
A17: 673256 | B17: 46252 | C17: AGOSTO | D17: Q3 | E17: P01149 | F17: 46227.399 | G17: JULIO | H17: NO | I17: Q3 | J17: TELECOMUNICACIONES | K17: DC & DC | L17: ACCESORIOS | M17: [RFBADEC] Accesorio para toma estilo decorador para cajas RFBA | N17: 6 | O17: COP | P17: 35594.12 | Q17: 213564.72 | R17: no
A18: 673255 | B18: 46252 | C18: AGOSTO | D18: Q3 | E18: P01123 | F18: 46196.441 | G18: JUNIO | H18: NO | I18: Q2 | J18: INDUSTRIAL | K18: PHYSICAL SUPPORT | L18: DUCTO DLP | M18: [10802] UNION PARA CUBIERTA DE DUCTO105x50 | N18: 10 | O18: COP | P18: 3909.41 | Q18: 39094.1 | R18: no
A19: 673254 | B19: 46252 | C19: AGOSTO | D19: Q3 | G19: ENERO | H19: NO | I19: Q1 | J19: INDUSTRIAL | K19: INDUSTRIAL | L19: BREAKERS | M19: [420720] DPX3 MAGN 250/200A 60KA/240V Interruptor de caja moldeada DPX³ 250 solo magnético fijo - 3P - Icu 36kA (400V~) - In 200A | N19: 1 | O19: COP | P19: 1243100 | Q19: 1243100 | R19: no
A20: 673133 | B20: 46248 | C20: AGOSTO | D20: Q3 | E20: P01108 | F20: 46190.654 | G20: JUNIO | H20: NO | I20: Q2 | J20: TELECOMUNICACIONES | K20: DC & DC | L20: ACCESORIOS | M20: [32162] BANDEJA 48 FIBRAS MULTIMODO 1RU DESLIZABLE INCLUYE: BANDEJA PORTA FUSIONES 24 HILOS, 2 PRENSA ESTOPA PARA ENTRADA FIBRA OPTICA, TORNILOS, 24 ADAPTADORES DUPLEX LC-LC | N20: 9 | O20: COP | P20: 192793.56 | Q20: 1735142 | R20: no
A21: 673134 | B21: 46248 | C21: AGOSTO | D21: Q3 | E21: P01134 | F21: 46212.505 | G21: JULIO | H21: NO | I21: Q3 | J21: TELECOMUNICACIONES | K21: DC & DC | L21: ACCESORIOS | M21: [32162] BANDEJA 48 FIBRAS MULTIMODO 1RU DESLIZABLE INCLUYE: BANDEJA PORTA FUSIONES 24 HILOS, 2 PRENSA ESTOPA PARA ENTRADA FIBRA OPTICA, TORNILOS, 24 ADAPTADORES DUPLEX LC-LC | N21: 5 | O21: COP | P21: 193891.43 | Q21: 969457.15 | R21: no
A22: 673022 | B22: 46245 | C22: AGOSTO | D22: Q3 | E22: P01085 | F22: 46169.653 | G22: MAYO | H22: NO | I22: Q2 | J22: INDUSTRIAL | K22: INDUSTRIAL | L22: CABLOFIL | M22: [CM000071] REJILLA CF54/100BSEZ TRAMO 3 METROS | N22: 10 | O22: COP | P22: 81730 | Q22: 817300 | R22: no
A23: 673022 | B23: 46245 | C23: AGOSTO | D23: Q3 | E23: P01085 | G23: ENERO | H23: NO | I23: Q1 | J23: INDUSTRIAL | K23: INDUSTRIAL | L23: CABLOFIL | M23: [CM000401] REJILLA-CF54/600BSEZ - BANDEJA | N23: 16 | O23: COP | P23: 250579.99 | Q23: 4009279.8 | R23: no
A24: 673021 | B24: 46245 | C24: AGOSTO | D24: Q3 | E24: P01108 | F24: 46190.654 | G24: JUNIO | H24: NO | I24: Q2 | J24: TELECOMUNICACIONES | K24: DC & DC | L24: ACCESORIOS | M24: [32162] BANDEJA 48 FIBRAS MULTIMODO 1RU DESLIZABLE INCLUYE: BANDEJA PORTA FUSIONES 24 HILOS, 2 PRENSA ESTOPA PARA ENTRADA FIBRA OPTICA, TORNILOS, 24 ADAPTADORES DUPLEX LC-LC | N24: 4 | O24: COP | P24: 194906.09 | Q24: 779624.36 | R24: no
A25: 672855 | B25: 46239 | C25: AGOSTO | D25: Q3 | E25: P01148 | F25: 46225.43 | G25: JULIO | H25: NO | I25: Q3 | J25: INDUSTRIAL | K25: INDUSTRIAL | M25: [3232-W] Tomacorriente dúplex blanca, 15 A 125 V | N25: 60 | O25: COP | P25: 2400 | Q25: 144000 | R25: no
A26: 672757 | B26: 46234 | C26: JULIO | D26: Q3 | E26: P01150 | F26: 46230.708 | G26: JULIO | H26: NO | I26: Q3 | J26: INDUSTRIAL | K26: INDUSTRIAL | L26: TOMAS ELECTRICAS | M26: [555439] TEMPRA P17 CLAVIJA 32A 3P+N+T 380-415V IP67 | N26: 6 | O26: COP | P26: 77347.48 | Q26: 464084.88 | R26: no
A27: 672756 | B27: 46234 | C27: JULIO | D27: Q3 | E27: P01149 | F27: 46227.399 | G27: JULIO | H27: NO | I27: Q3 | J27: TELECOMUNICACIONES | K27: DC & DC | L27: ACCESORIOS | M27: [RFBA4R25] CAJA DE ACERO PARA CONCRETO DE 4 SALIDAS. COMPATIBLE CON TAPA FPB Y FPC | N27: 2 | O27: COP | P27: 713733.62 | Q27: 1427467.2 | R27: no
A28: 672755 | B28: 46234 | C28: JULIO | D28: Q3 | E28: P01108 | F28: 46190.654 | G28: JUNIO | H28: NO | I28: Q2 | J28: TELECOMUNICACIONES | K28: DC & DC | L28: JACKS | M28: [KT2J6A-36] JACK KEYSTONE CAT 6A CLARITY U/UTP 10G AZUL | N28: 400 | O28: COP | P28: 15876.29 | Q28: 6350516 | R28: no
A29: 672754 | B29: 46234 | C29: JULIO | D29: Q3 | E29: P01112 | F29: 46191.394 | G29: JUNIO | H29: NO | I29: Q2 | J29: INDUSTRIAL | K29: PHYSICAL SUPPORT | L29: DUCTO DLP | M29: [10953] Marco plano para instalar 3 módulos | N29: 5 | O29: COP | P29: 11670.59 | Q29: 58352.95 | R29: no
A30: 672753 | B30: 46234 | C30: JULIO | D30: Q3 | E30: P01105 | F30: 46184.711 | G30: JUNIO | H30: NO | I30: Q2 | J30: TELECOMUNICACIONES | K30: DC & DC | L30: JACKS | M30: [076576] Jack categoría 6A para caja 684636, U/UTP - U/FTP - F/UTP - S/FTP, 10Gbps. Color: Blanco, Autoponchable | N30: 124 | O30: COP | P30: 17890.15 | Q30: 2218378.6 | R30: no
A31: 672752 | B31: 46234 | C31: JULIO | D31: Q3 | E31: P01041 | F31: 46129.363 | G31: ABRIL | H31: NO | I31: Q2 | J31: INDUSTRIAL | K31: INDUSTRIAL | L31: ACCESORIOS | M31: [CM923020-CL] SEPARADOR COT 50MM PERFIL SEP GS 50 GS - 3 Metros | N31: 120 | O31: COP | P31: 34320 | Q31: 4118400 | R31: no
A32: 672751 | B32: 46234 | C32: JULIO | D32: Q3 | E32: P01031 | F32: 46126.404 | G32: ABRIL | H32: NO | I32: Q2 | J32: TELECOMUNICACIONES | K32: DC & DC | L32: PATCH CORD | M32: [MC6A10-06] PATCH CORD CAT 6A, U/UTP, MOD8,10FT(3 METROS) AZUL | N32: 125 | O32: COP | P32: 62232.04 | Q32: 7779005 | R32: no
A33: 672280 | B33: 46220 | C33: JULIO | D33: Q3 | E33: P01136 | F33: 46217.367 | G33: JULIO | H33: NO | I33: Q3 | J33: TELECOMUNICACIONES | K33: DC & DC | L33: CONTENCIÓN TELCO | M33: [19-84-T4SDA2132] Rack Abierto de 4 postes, 45U, Color Negro. | N33: 1 | O33: COP | P33: 2575984 | Q33: 2575984 | R33: no
A34: 672280 | B34: 46220 | C34: JULIO | D34: Q3 | E34: P01136 | F34: 46217.367 | G34: JULIO | H34: NO | I34: Q3 | J34: TELECOMUNICACIONES | K34: DC & DC | L34: PDU | M34: [R8BZ] MULTITOMA PDU BASICA HORIZONTAL 120V 15A NEMA 5-15P 8 SALIDAS NEMA 5-15R SUPRESOR 13KA | N34: 1 | O34: COP | P34: 272768.91 | Q34: 272768.91 | R34: no
A35: 672280 | B35: 46220 | C35: JULIO | D35: Q3 | E35: P01136 | F35: 46217.367 | G35: JULIO | H35: NO | I35: Q3 | J35: TELECOMUNICACIONES | K35: DC & DC | L35: ACCESORIOS | M35: [GBH19KIT] KIT DE BARRAJE HORIZONTAL PARA RACK DE 1"X19-1/4" | N35: 1 | O35: COP | P35: 253201.68 | Q35: 253201.68 | R35: no
A36: 672279 | B36: 46220 | C36: JULIO | D36: Q3 | E36: P01137 | F36: 46213.477 | G36: JULIO | H36: NO | I36: Q3 | J36: TELECOMUNICACIONES | K36: DC & DC | L36: ACCESORIOS | M36: [HDPSC6A-5PKU] Plug de Ponchado en Campo RJ45 HD Categoría 6A S/FTP - F/UTP - U/FTP - U/UTP. Autoponchable. Unidad | N36: 40 | O36: COP | P36: 155945.76 | Q36: 6237830.4 | R36: no
A37: 672278 | B37: 46220 | C37: JULIO | D37: Q3 | E37: P01126 | F37: 46209.643 | G37: JULIO | H37: NO | I37: Q3 | J37: TELECOMUNICACIONES | K37: DC & DC | L37: ACCESORIOS | M37: [GB4X12J] Barraje Principal de Puesta a Tierra de Telecomunicaciones PBB / TMGB de diseño estándar de 1/4" X 4" X 12" | N37: 1 | O37: COP | P37: 413737.82 | Q37: 413737.82 | R37: no
... A39: 672277 | B39: 46220 | C39: JULIO | D39: Q3 | E39: P01105 | F39: 46184.711 | G39: JUNIO | H39: NO | I39: Q2 | J39: TELECOMUNICACIONES | K39: DC & DC | L39: FIBRA ÓPTICA | M39: [32141] Casete estándar para fusión de fibra óptica, capacidad 1 módulo de fibra óptica, incluye espacio para protectores de fusión para 24 fibras y 2 prensaestopas PG11, compatible | N39: 28 | O39: COP | P39: 108522.6 | Q39: 3038632.8 | R39: no
A40: 672218 | B40: 46217 | C40: JULIO | D40: Q3 | G40: ENERO | H40: NO | I40: Q1 | J40: POWER QUALITY | K40: DC & DC | M40: [310143] UPS DAKER DK 3000VA 120V UL CON BAT | N40: 82 | O40: COP | P40: 1956754.9 | Q40: 1.604539e+08 | R40: no
A41: 672217 | B41: 46217 | C41: JULIO | D41: Q3 | G41: ENERO | H41: NO | I41: Q1 | J41: INDUSTRIAL | K41: INDUSTRIAL | M41: [IG-8300] Tomacorriente duplex con polo a tierra aislado (IG) para computador, grado hospitalario, 20A - 125V AC, NEMA 5-20R | N41: 500 | O41: COP | P41: 19125 | Q41: 9562500 | R41: no
A42: 672216 | B42: 46217 | C42: JULIO | D42: Q3 | G42: ENERO | H42: NO | I42: Q1 | J42: INDUSTRIAL | K42: INDUSTRIAL | L42: ACCESORIOS | M42: [CM923050] UNION COT GS COTJGS | N42: 2 | O42: COP | P42: 170500 | Q42: 341000 | R42: no
A43: 672054 | B43: 46211 | C43: JULIO | D43: Q3 | E43: P00884 | F43: 46002.615 | G43: DICIEMBRE | H43: SI | I43: Q4 | J43: TELECOMUNICACIONES | K43: DC & DC | L43: PATCH CORD | M43: [MCZ61010M-02] PATCH CORD 10G,1M ROJO | N43: 25 | O43: COP | P43: 24525.95 | Q43: 613148.75 | R43: no
A44: 672053 | B44: 46211 | C44: JULIO | D44: Q3 | E44: P00974 | F44: 46077.401 | G44: FEBRERO | H44: NO | I44: Q1 | J44: TELECOMUNICACIONES | K44: DC & DC | L44: JACKS | M44: [632906] JACK KEYSTONE CAT 6A U/UTP 10 GBPS METALICO AUTOPONCHABLE | N44: 2 | O44: COP | P44: 257523.11 | Q44: 515046.22 | R44: no
A45: 672052 | B45: 46211 | C45: JULIO | D45: Q3 | E45: P01077 | F45: 46162.748 | G45: MAYO | H45: NO | I45: Q2 | J45: POWER QUALITY | K45: DC & DC | M45: [GB30005AB] GA BAT 102UN 009AH 30KW 208V | N45: 5 | O45: COP | P45: 1777500 | Q45: 8887500 | R45: no
A46: 672051 | B46: 46211 | C46: JULIO | D46: Q3 | E46: P01091 | F46: 46171.654 | G46: MAYO | H46: NO | I46: Q2 | J46: INDUSTRIAL | K46: INDUSTRIAL | L46: ACCESORIOS | M46: [CM585160] CABLEXIT GS DEV100GS-SAL (BOLSA X 10 PIEZAS) | N46: 7 | O46: COP | P46: 91560.02 | Q46: 640920.14 | R46: no
A47: 672050 | B47: 46211 | C47: JULIO | D47: Q3 | E47: P01085 | F47: 46169.653 | G47: MAYO | H47: NO | I47: Q2 | J47: INDUSTRIAL | K47: INDUSTRIAL | L47: ACCESORIOS | M47: [CM585160] CABLEXIT GS DEV100GS-SAL (BOLSA X 10 PIEZAS) | N47: 8 | O47: COP | P47: 119900 | Q47: 959200 | R47: no
A48: 672049 | B48: 46211 | C48: JULIO | D48: Q3 | E48: P01054 | F48: 46170.667 | G48: MAYO | H48: NO | I48: Q2 | J48: TELECOMUNICACIONES | K48: DC & DC | L48: ACCESORIOS | M48: [GB4X12J] Barraje Principal de Puesta a Tierra de Telecomunicaciones PBB / TMGB de diseño estándar de 1/4" X 4" X 12" | N48: 15 | O48: COP | P48: 502518.99 | Q48: 7537784.8 | R48: no
A49: 672049 | B49: 46211 | C49: JULIO | D49: Q3 | E49: P01054 | F49: 46170.667 | G49: MAYO | H49: NO | I49: Q2 | J49: TELECOMUNICACIONES | K49: DC & DC | L49: ACCESORIOS | M49: [GB2X10TGB] BARRAJE SECUNDARIO DE PUESTA A TIERRA TELECOMUNICACIONESSBB TGB DE 1/4" X 2" X10" INCLUYE AISLADORES Y ANTIOXIDANTE | N49: 19 | O49: COP | P49: 329627.51 | Q49: 6262922.7 | R49: no
A50: 672049 | B50: 46211 | C50: JULIO | D50: Q3 | E50: P01054 | F50: 46170.667 | G50: MAYO | H50: NO | I50: Q2 | J50: TELECOMUNICACIONES | K50: DC & DC | L50: ACCESORIOS | M50: [GBH19KIT] KIT DE BARRAJE HORIZONTAL PARA RACK DE 1"X19-1/4" | N50: 22 | O50: COP | P50: 275907.53 | Q50: 6069965.7 | R50: no
A51: 671945 | B51: 46206 | C51: JULIO | D51: Q3 | E51: P01113 | F51: 46191.498 | G51: JUNIO | H51: NO | I51: Q2 | J51: TELECOMUNICACIONES | K51: DC & DC | L51: PATCH CORD | M51: [MCZS6A20M-06] PATCH CORD CAT 6A F/UTP DIÁMETRO REDUCIDO 26AWG 6,2MM 2MTS LZSH AZUL | N51: 6 | O51: COP | P51: 46285.44 | Q51: 277712.64 | R51: no
A52: 671944 | B52: 46206 | C52: JULIO | D52: Q3 | E52: P01091 | F52: 46171.654 | G52: MAYO | H52: NO | I52: Q2 | J52: INDUSTRIAL | K52: INDUSTRIAL | L52: CABLOFIL | M52: [LG-341964] BANDEJA RETIX LEGRAND 54/300 EZ | N52: 320 | O52: COP | P52: 78834 | Q52: 25226880 | R52: no
A53: 671922 | B53: 46204 | C53: JULIO | D53: Q3 | G53: ENERO | H53: NO | I53: Q1 | J53: POWER QUALITY | K53: DC & DC | M53: [827055020000] UPS Forte de 20kVA a 208VAC | N53: 3 | O53: COP | P53: 19118411 | Q53: 57355233 | R53: no
A54: 671902 | B54: 46203 | C54: JUNIO | D54: Q2 | E54: P00909 | F54: 46212.4 | G54: JULIO | H54: NO | I54: Q3 | J54: INDUSTRIAL | K54: INDUSTRIAL | M54: [CET_225] Celda para transformador seco hasta 225 kVA -15 kV | N54: 1 | O54: COP | P54: 5049198.3 | Q54: 5049198.3 | R54: no
A55: 671901 | B55: 46203 | C55: JUNIO | D55: Q2 | E55: P00909 | F55: 46212.4 | G55: JULIO | H55: NO | I55: Q3 | J55: INDUSTRIAL | K55: INDUSTRIAL | M55: [220023] MT200 Monitor local Temperatura | N55: 1 | O55: COP | P55: 598505.04 | Q55: 598505.04 | R55: no
A56: 671900 | B56: 46203 | C56: JUNIO | D56: Q2 | E56: P00909 | F56: 46212.4 | G56: JULIO | H56: NO | I56: Q3 | J56: INDUSTRIAL | K56: ELECTROBARRAS | L56: TRANSFORMADORES | M56: [MMS-TR] MMS CANAL HD - TRANSFORMADORES | N56: 1 | O56: COP | P56: 49223463 | Q56: 49223463 | R56: no
A57: 671912 | B57: 46203 | C57: JUNIO | D57: Q2 | E57: P01078 | F57: 46162.749 | G57: MAYO | H57: NO | I57: Q2 | J57: POWER QUALITY | K57: DC & DC | M57: [827055030000] UPS Forte de 30kVA a 208VAC | N57: 3 | O57: COP | P57: 33387059 | Q57: 1.0016118e+08 | R57: no
A58: 671912 | B58: 46203 | C58: JUNIO | D58: Q2 | E58: P01078 | F58: 46162.749 | G58: MAYO | H58: NO | I58: Q2 | J58: POWER QUALITY | K58: DC & DC | M58: [827055030000] UPS Forte de 30kVA a 208VAC | N58: 1 | O58: COP | P58: 33387059 | Q58: 33387059 | R58: no
A59: 671712 | B59: 46198 | C59: JUNIO | D59: Q2 | E59: P01119 | F59: 46195.406 | G59: JUNIO | H59: NO | I59: Q2 | J59: INDUSTRIAL | K59: INDUSTRIAL | M59: [IG-8300] Tomacorriente duplex con polo a tierra aislado (IG) para computador, grado hospitalario, 20A - 125V AC, NEMA 5-20R | N59: 20 | O59: COP | P59: 19125 | Q59: 382500 | R59: no
A60: 671712 | B60: 46198 | C60: JUNIO | D60: Q2 | E60: P01119 | F60: 46195.406 | G60: JUNIO | H60: NO | I60: Q2 | J60: INDUSTRIAL | K60: INDUSTRIAL | M60: [3232-W] Tomacorriente dúplex blanca, 15 A 125 V | N60: 30 | O60: COP | P60: 2400 | Q60: 72000 | R60: no
A61: 671711 | B61: 46198 | C61: JUNIO | D61: Q2 | E61: P01086 | F61: 46169.654 | G61: MAYO | H61: NO | I61: Q2 | J61: INDUSTRIAL | K61: INDUSTRIAL | M61: [LG-341963] BANDEJA RETIX LEGRAND 54/200 EZ | N61: 32 | O61: COP | P61: 62034.01 | Q61: 1985088.3 | R61: no
A62: 671710 | B62: 46198 | C62: JUNIO | D62: Q2 | E62: P01116 | F62: 46192.553 | G62: JUNIO | H62: NO | I62: Q2 | J62: POWER QUALITY | K62: DC & DC | M62: [310952] RAIL KIT RACK DX | N62: 16 | O62: COP | P62: 120252.21 | Q62: 1924035.4 | R62: no
A63: 671709 | B63: 46198 | C63: JUNIO | D63: Q2 | E63: P01031 | F63: 46126.404 | G63: ABRIL | H63: NO | I63: Q2 | J63: TELECOMUNICACIONES | K63: DC & DC | L63: PATCH CORD | M63: [MC6A10-06] PATCH CORD CAT 6A, U/UTP, MOD8,10FT(3 METROS) AZUL | N63: 450 | O63: COP | P63: 66498.25 | Q63: 29924212 | R63: no
A64: 671624 | B64: 46196 | C64: JUNIO | D64: Q2 | E64: P01108 | F64: 46190.654 | G64: JUNIO | H64: NO | I64: Q2 | J64: TELECOMUNICACIONES | K64: DC & DC | L64: ACCESORIOS | M64: [3411] FACEPLATE KEYSTONE BLANCO DOS SALIDAS | N64: 500 | O64: COP | P64: 3577.51 | Q64: 1788755 | R64: no
A65: 671624 | B65: 46196 | C65: JUNIO | D65: Q2 | E65: P01108 | F65: 46190.654 | G65: JUNIO | H65: NO | I65: Q2 | J65: TELECOMUNICACIONES | K65: DC & DC | L65: ACCESORIOS | M65: [3410] FACEPLATE KEYSTONE BLANCO UNA SALIDA | N65: 500 | O65: COP | P65: 3577.51 | Q65: 1788755 | R65: no
A66: 671624 | B66: 46196 | C66: JUNIO | D66: Q2 | E66: P01108 | F66: 46190.654 | G66: JUNIO | H66: NO | I66: Q2 | J66: TELECOMUNICACIONES | K66: DC & DC | L66: ACCESORIOS | M66: [HDPSC6A-5PKU] Plug de Ponchado en Campo RJ45 HD Categoría 6A S/FTP - F/UTP - U/FTP - U/UTP. Autoponchable. Unidad | N66: 10 | O66: COP | P66: 165115.71 | Q66: 1651157.1 | R66: no
A67: 671624 | B67: 46196 | C67: JUNIO | D67: Q2 | E67: P01108 | F67: 46190.654 | G67: JUNIO | H67: NO | I67: Q2 | J67: TELECOMUNICACIONES | K67: DC & DC | L67: ACCESORIOS | M67: [632850] HERRAJE 24 PUERTOS PLANO COMPATIBLE CON JACKS KEYSTONE 6A, 6 Y 5E, S/FTP, F/FTP, F/UTP, U/FTP, U/UTP. INCLUYE ORGANIZADOR POSTERIOR | N67: 40 | O67: COP | P67: 64635.9 | Q67: 2585436 | R67: no
A68: 671624 | B68: 46196 | C68: JUNIO | D68: Q2 | E68: P01108 | F68: 46190.654 | G68: JUNIO | H68: NO | I68: Q2 | J68: TELECOMUNICACIONES | K68: DC & DC | L68: JACKS | M68: [632905] JACK LK63 KEYSTONE CAT 6A, U/UTP-F/UTP-S/FTP, 10 GBPS. 100% METALICO. AUTOPONCHABLE | N68: 480 | O68: COP | P68: 9914.11 | Q68: 4758772.8 | R68: no
A69: 671624 | B69: 46196 | C69: JUNIO | D69: Q2 | E69: P01108 | F69: 46190.654 | G69: JUNIO | H69: NO | I69: Q2 | J69: TELECOMUNICACIONES | K69: DC & DC | L69: PATCH CORD | M69: [00691] Patch cord V-series Categoría 6A, U/UTP, 26 AWG 6.2mm, 3ft (1 metro), azul | N69: 75 | O69: COP | P69: 10904.5 | Q69: 817837.5 | R69: no
A70: 671624 | B70: 46196 | C70: JUNIO | D70: Q2 | E70: P01108 | F70: 46190.654 | G70: JUNIO | H70: NO | I70: Q2 | J70: TELECOMUNICACIONES | K70: DC & DC | L70: PATCH CORD | M70: [693] PATCH CORD CAT 6A U/UTP DIÁMETRO REDUCIDO 26 AWG 5FT 6.2 MM 1.5 MTS AZUL | N70: 300 | O70: COP | P70: 14034.83 | Q70: 4210449 | R70: no
A71: 671624 | B71: 46196 | C71: JUNIO | D71: Q2 | E71: P01108 | F71: 46190.654 | G71: JUNIO | H71: NO | I71: Q2 | J71: TELECOMUNICACIONES | K71: DC & DC | L71: PATCH CORD | M71: [695] PATCH CORD CAT 6A U/UTP 26 AWG 7FT 6.2 MM 2.1 MT AZUL | N71: 300 | O71: COP | P71: 16683.56 | Q71: 5005068 | R71: no
A72: 671624 | B72: 46196 | C72: JUNIO | D72: Q2 | E72: P01108 | F72: 46190.654 | G72: JUNIO | H72: NO | I72: Q2 | J72: TELECOMUNICACIONES | K72: DC & DC | L72: PATCH CORD | M72: [674] PATCH CORD CAT 6A S/STP DIÁMETRO REDUCIDO 26 AWG 3FT 6.2MM 1MT AZUL | N72: 300 | O72: COP | P72: 14619.61 | Q72: 4385883 | R72: no
A73: 671624 | B73: 46196 | C73: JUNIO | D73: Q2 | E73: P01108 | F73: 46190.654 | G73: JUNIO | H73: NO | I73: Q2 | J73: TELECOMUNICACIONES | K73: DC & DC | L73: PATCH CORD | M73: [676] PATCH CORD CAT 6A S/STP DIÁMETRO REDUCIDO 26 AWG 5FT 6.2 MM 1.5 MT AZUL | N73: 300 | O73: COP | P73: 16545.97 | Q73: 4963791 | R73: no
A74: 671624 | B74: 46196 | C74: JUNIO | D74: Q2 | E74: P01108 | F74: 46190.654 | G74: JUNIO | H74: NO | I74: Q2 | J74: TELECOMUNICACIONES | K74: DC & DC | L74: PATCH CORD | M74: [678] [00678] Patch cord V-series Categoría 6A, S/STP, Diametro Reducido 26 AWG 6.2mm, 7ft (2.1 metros), azul | N74: 180 | O74: COP | P74: 18713.11 | Q74: 3368359.8 | R74: no
... A88: 671578 | B88: 46195 | C88: JUNIO | D88: Q2 | E88: P00930 | F88: 46050.616 | G88: ENERO | H88: NO | I88: Q1 | J88: TELECOMUNICACIONES | K88: DC & DC | L88: ACCESORIOS | M88: [646005] DONGLE USB | N88: 3 | O88: COP | P88: 121255.74 | Q88: 363767.22 | R88: no
A89: 671452 | B89: 46192 | C89: JUNIO | D89: Q2 | E89: P01077 | F89: 46162.748 | G89: MAYO | H89: NO | I89: Q2 | J89: POWER QUALITY | K89: DC & DC | M89: [SETTA6K-DAKBF-G] SET Transformador Aislamiento 6kVA + Gabinete Daker | N89: 1 | O89: COP | P89: 4045916.8 | Q89: 4045916.8 | R89: no
A90: 671452 | B90: 46192 | C90: JUNIO | D90: Q2 | E90: P01077 | F90: 46162.748 | G90: MAYO | H90: NO | I90: Q2 | J90: POWER QUALITY | K90: DC & DC | M90: [GB30005AB] GA BAT 102UN 009AH 30KW 208V | N90: 6 | O90: COP | P90: 1777500 | Q90: 10665000 | R90: no
A91: 671452 | B91: 46192 | C91: JUNIO | D91: Q2 | E91: P01077 | F91: 46162.748 | G91: MAYO | H91: NO | I91: Q2 | J91: POWER QUALITY | K91: DC & DC | M91: [GB10506AB] GAB BAT UPS 034 UN 075AH FORTE 040KW 208V | N91: 2 | O91: COP | P91: 5135000 | Q91: 10270000 | R91: no
A92: 671451 | B92: 46192 | C92: JUNIO | D92: Q2 | E92: P01078 | F92: 46162.749 | G92: MAYO | H92: NO | I92: Q2 | J92: POWER QUALITY | K92: DC & DC | M92: [GB30005AB] GA BAT 102UN 009AH 30KW 208V | N92: 3 | O92: COP | P92: 1777500 | Q92: 5332500 | R92: no
A93: 671451 | B93: 46192 | C93: JUNIO | D93: Q2 | E93: P01078 | F93: 46162.749 | G93: MAYO | H93: NO | I93: Q2 | J93: POWER QUALITY | K93: DC & DC | M93: [GB10506AB] GAB BAT UPS 034 UN 075AH FORTE 040KW 208V | N93: 1 | O93: COP | P93: 5135000 | Q93: 5135000 | R93: no
A94: 671450 | B94: 46192 | C94: JUNIO | D94: Q2 | E94: P01078 | F94: 46162.749 | G94: MAYO | H94: NO | I94: Q2 | J94: POWER QUALITY | K94: DC & DC | M94: [SETTA6K-DAKBF-G] SET Transformador Aislamiento 6kVA + Gabinete Daker | N94: 1 | O94: COP | P94: 4045905.9 | Q94: 4045905.9 | R94: no
A95: 671450 | B95: 46192 | C95: JUNIO | D95: Q2 | E95: P01078 | F95: 46162.749 | G95: MAYO | H95: NO | I95: Q2 | J95: POWER QUALITY | K95: DC & DC | M95: [GABBAT40/7AH-DK] GABINETE PARA ALMACENAR 40 BATERIAS DE- 5,7,9 A. PARA UPS 10KVA | N95: 1 | O95: COP | P95: 1540500 | Q95: 1540500 | R95: no
A96: 671351 | B96: 46189 | C96: JUNIO | D96: Q2 | E96: P01105 | F96: 46184.711 | G96: JUNIO | H96: NO | I96: Q2 | J96: TELECOMUNICACIONES | K96: DC & DC | L96: JACKS | M96: [684636] Caja IP66 IK08 con tapa semi-transparente para Jack de Comunicaciones 076576, 079476, 076564 y 079464 | N96: 96 | O96: COP | P96: 81191.95 | Q96: 7794427.2 | R96: no
A97: 671351 | B97: 46189 | C97: JUNIO | D97: Q2 | E97: P01105 | F97: 46184.711 | G97: JUNIO | H97: NO | I97: Q2 | J97: TELECOMUNICACIONES | K97: DC & DC | L97: JACKS | M97: [076576] Jack categoría 6A para caja 684636, U/UTP - U/FTP - F/UTP - S/FTP, 10Gbps. Color: Blanco, Autoponchable | N97: 28 | O97: COP | P97: 19394.3 | Q97: 543040.4 | R97: no
A98: 671351 | B98: 46189 | C98: JUNIO | D98: Q2 | E98: P01105 | F98: 46184.711 | G98: JUNIO | H98: NO | I98: Q2 | J98: TELECOMUNICACIONES | K98: DC & DC | L98: CABLE UTP | M98: [LEGUFTP6AOPE-00] [LEGUFTP6AOPE-00] Cable categoría 6A Exterior, U/FTP 500Mhz, 10Gbps, 23AWG, color negro. PE. Presentación carrete de 305 metros | N98: 29 | O98: COP | P98: 572444.89 | Q98: 16600902 | R98: no
A99: 671351 | B99: 46189 | C99: JUNIO | D99: Q2 | E99: P01105 | F99: 46184.711 | G99: JUNIO | H99: NO | I99: Q2 | J99: TELECOMUNICACIONES | K99: DC & DC | L99: PATCH CORD | M99: [OR-MCZS6A10M-06] Patch cord Clarity Categoría 6A, F/UTP, Diametro Reducido 26 AWG 6.2mm, 1 metros, azul. LSZH | N99: 100 | O99: COP | P99: 10357.5 | Q99: 1035750 | R99: no
A100: 671351 | B100: 46189 | C100: JUNIO | D100: Q2 | E100: P01105 | F100: 46184.711 | G100: JUNIO | H100: NO | I100: Q2 | J100: TELECOMUNICACIONES | K100: DC & DC | L100: PATCH CORD | M100: [OR-MCZS6A20M-06] Patch cord Clarity Categoría 6A, F/UTP, Diametro Reducido 26 AWG 6.2mm, 2 metros, azul. LSZH | N100: 110 | O100: COP | P100: 14180.75 | Q100: 1559882.5 | R100: no
A101: 671351 | B101: 46189 | C101: JUNIO | D101: Q2 | E101: P01105 | F101: 46184.711 | G101: JUNIO | H101: NO | I101: Q2 | J101: TELECOMUNICACIONES | K101: DC & DC | L101: ACCESORIOS | M101: [632850] HERRAJE 24 PUERTOS PLANO COMPATIBLE CON JACKS KEYSTONE 6A, 6 Y 5E, S/FTP, F/FTP, F/UTP, U/FTP, U/UTP. INCLUYE ORGANIZADOR POSTERIOR | N101: 19 | O101: COP | P101: 87100.55 | Q101: 1654910.4 | R101: no
A102: 671351 | B102: 46189 | C102: JUNIO | D102: Q2 | E102: P01105 | F102: 46184.711 | G102: JUNIO | H102: NO | I102: Q2 | J102: TELECOMUNICACIONES | K102: DC & DC | L102: JACKS | M102: [632905] JACK LK63 KEYSTONE CAT 6A, U/UTP-F/UTP-S/FTP, 10 GBPS. 100% METALICO. AUTOPONCHABLE | N102: 5 | O102: COP | P102: 343467.05 | Q102: 1717335.2 | R102: no
A103: 671351 | B103: 46189 | C103: JUNIO | D103: Q2 | E103: P01105 | F103: 46184.711 | G103: JUNIO | H103: NO | I103: Q2 | J103: TELECOMUNICACIONES | K103: DC & DC | L103: ACCESORIOS | M103: [32175] BANDEJA FO QUICKFIX 1U 4 CAS | N103: 19 | O103: COP | P103: 81643.79 | Q103: 1551232 | R103: no
A104: 671351 | B104: 46189 | C104: JUNIO | D104: Q2 | E104: P01105 | F104: 46184.711 | G104: JUNIO | H104: NO | I104: Q2 | J104: TELECOMUNICACIONES | K104: DC & DC | L104: ACCESORIOS | M104: [32125] ACOPLADOR LC MM 24 H | N104: 28 | O104: COP | P104: 124811.7 | Q104: 3494727.6 | R104: no
A105: 671351 | B105: 46189 | C105: JUNIO | D105: Q2 | E105: P01105 | F105: 46184.711 | G105: JUNIO | H105: NO | I105: Q2 | J105: TELECOMUNICACIONES | K105: DC & DC | L105: ACCESORIOS | M105: [205KAN9GA-MM] CONECTOR ANAERÓBICO LC MULTIMODO (CONECTORIZACIONTRADICIONAL MEDIANTE PEGANTE EPOXICO) | N105: 168 | O105: COP | P105: 17204.6 | Q105: 2890372.8 | R105: no
A106: 671351 | B106: 46189 | C106: JUNIO | D106: Q2 | E106: P01105 | F106: 46184.711 | G106: JUNIO | H106: NO | I106: Q2 | J106: TELECOMUNICACIONES | K106: DC & DC | L106: FIBRA ÓPTICA | M106: [852-LL2-006-55L] Patch cord V-series de fibra LC-LC Duplex, 50um, Multimodo OM4 Color Aqua. 2 metros | N106: 28 | O106: COP | P106: 45844.2 | Q106: 1283637.6 | R106: no
A107: 671351 | B107: 46189 | C107: JUNIO | D107: Q2 | E107: P01105 | F107: 46184.711 | G107: JUNIO | H107: NO | I107: Q2 | J107: TELECOMUNICACIONES | K107: DC & DC | L107: ACCESORIOS | M107: [61500858] BREKOUT KIT 12 FIBRAS 2.5 MT | N107: 28 | O107: COP | P107: 107502.85 | Q107: 3010079.8 | R107: no
... A115: 671348 | B115: 46189 | C115: JUNIO | D115: Q2 | E115: P01100 | F115: 46182.694 | G115: JUNIO | H115: NO | I115: Q2 | J115: TELECOMUNICACIONES | K115: DC & DC | L115: ACCESORIOS | M115: [33683] Herraje Plano HD Modular 24 Puertos 1U. Incluye 4 modulos deslizables hacía adelante. NO incluye Jacks | N115: 1 | O115: COP | P115: 169514.29 | Q115: 169514.29 | R115: no
A116: 671347 | B116: 46189 | C116: JUNIO | D116: Q2 | E116: P01091 | F116: 46171.654 | G116: MAYO | H116: NO | I116: Q2 | J116: INDUSTRIAL | K116: INDUSTRIAL | M116: [LG-341963] BANDEJA RETIX LEGRAND 54/200 EZ | N116: 448 | O116: COP | P116: 62034 | Q116: 27791232 | R116: no
A117: 671178 | B117: 46185 | C117: JUNIO | D117: Q2 | E117: P01078 | F117: 46162.749 | G117: MAYO | H117: NO | I117: Q2 | J117: POWER QUALITY | K117: DC & DC | M117: [827055030000] UPS Forte de 30kVA a 208VAC | N117: 3 | O117: COP | P117: 33387059 | Q117: 1.0016118e+08 | R117: no
A118: 671177 | B118: 46185 | C118: JUNIO | D118: Q2 | E118: P00923 | F118: 46050.437 | G118: ENERO | H118: NO | I118: Q1 | J118: POWER QUALITY | K118: DC & DC | M118: [827055030000] UPS Forte de 30kVA a 208VAC | N118: 4 | O118: COP | P118: 25791238 | Q118: 1.0316495e+08 | R118: no
A119: 671165 | B119: 46184 | C119: JUNIO | D119: Q2 | E119: P01054 | F119: 46170.667 | G119: MAYO | H119: NO | I119: Q2 | J119: POWER QUALITY | K119: DC & DC | L119: RTS | M119: [PX3TS-1147R-N1] TS 120VAC 1,9KVA 8OUT 8X Input Nema L5-20R | N119: 122 | O119: COP | P119: 3127491.5 | Q119: 381553963 | R119: no
A120: 671164 | B120: 46184 | C120: JUNIO | D120: Q2 | E120: P01053 | F120: 46135.532 | G120: ABRIL | H120: NO | I120: Q2 | J120: POWER QUALITY | K120: DC & DC | L120: RTS | M120: [PX3TS-1147R-N1] TS 120VAC 1,9KVA 8OUT 8X Input Nema L5-20R | N120: 29 | O120: COP | P120: 3127491.5 | Q120: 90697254 | R120: no
A121: 671163 | B121: 46184 | C121: JUNIO | D121: Q2 | E121: P01054 | F121: 46170.667 | G121: MAYO | H121: NO | I121: Q2 | J121: TELECOMUNICACIONES | K121: DC & DC | L121: SENSORES | M121: [DX2-T2H2] SENSOR TEMPERATURA Y HUMEDAD | N121: 122 | O121: COP | P121: 298778 | Q121: 36450916 | R121: no
...

Sheet Compras
A1: Proveedor | B1: OC | C1: Fecha | D1: Mes | E1: Trimestre | F1: Linea de negocio | G1: Categoria | H1: Subcategoria | I1: Producto | J1: Cantidad Facturada | K1: Moneda | L1: Precio Unitario | M1: Subtotal | N1: Subtotal Real | O1: uso | P1: 3306.86
A2: LEGRAND COLOMBIA S.A | B2: P01197 | C2: 46279.476 | D2: SEPTIEMBRE | E2: Q3 | F2: INDUSTRIAL | G2: ELECTROBARRAS | H2: ELECTROBARRAS | I2: [60250100P] SCP 2N AL 630A E REC 3M | J2: 3 | K2: COP | L2: 2307294 | M2: 6921882 | N2: 6921882
A3: LEGRAND COLOMBIA S.A | B3: P01193 | C3: 46274.657 | D3: SEPTIEMBRE | E3: Q3 | F3: TELECOMUNICACIONES | G3: DC & DC | H3: ACCESORIOS | I3: [HDPSC6A-5PK] Plug de Ponchado en Campo RJ45 HD Categoría 6A S/FTP - F/UTP - U/FTP - U/UTP. Autoponchable. Precio por paquete 5 Und | J3: 176 | K3: USD | L3: 48 | M3: 8448 | N3: 27936353
A4: LEGRAND COLOMBIA S.A | B4: P01193 | C4: 46274.657 | D4: SEPTIEMBRE | E4: Q3 | F4: TELECOMUNICACIONES | G4: DC & DC | H4: CABLE UTP | I4: [LG-932746] Cable categoría 6A, U/UTP 500Mhz, 10G, 23AWG, color gris claro. PVC. Presentación carrete de 500 metros | J4: 14 | K4: USD | L4: 300 | M4: 4200 | N4: 13888812
A5: LEGRAND COLOMBIA S.A | B5: P01185 | C5: 46269.63 | D5: SEPTIEMBRE | E5: Q3 | F5: INDUSTRIAL | G5: ELECTROBARRAS | H5: ELECTROBARRAS | I5: [4419ZC] ELECTROBARRA MR MEDIA P MANUF Curva vertical + Conector 50401005+50400435 | J5: 1 | K5: COP | L5: 1810630.2 | M5: 1810630.2 | N5: 1810630.2
A6: LEGRAND COLOMBIA S.A | B6: P01184 | C6: 46268.641 | D6: SEPTIEMBRE | E6: Q3 | F6: TELECOMUNICACIONES | G6: DC & DC | H6: FIBRA ÓPTICA | I6: [572837] Adaptador para 1 Jack Keystone para Arteor. Color Magnesio. Incluye tapa guardapolvo, 2 Módulos | J6: 177 | K6: USD | L6: 5.42 | M6: 959.34 | N6: 3172403.1
A7: LEGRAND COLOMBIA S.A | B7: P01181 | C7: 46261.586 | D7: AGOSTO | E7: Q3 | F7: TELECOMUNICACIONES | G7: DC & DC | H7: ACCESORIOS | I7: [KP9999] Caja de escritorio de quorum, incluyeuna toma electrica precableada, tapa color negro | J7: 5 | K7: USD | L7: 97.06 | M7: 485.3 | N7: 1604819.2
A8: LEGRAND COLOMBIA S.A | B8: P01180 | C8: 46260.447 | D8: AGOSTO | E8: Q3 | F8: INDUSTRIAL | G8: ELECTROBARRAS | H8: ELECTROBARRAS | I8: [63281002P] XCP-HP Al 1000A board-trans feed RH std | J8: 1 | K8: COP | L8: 860931 | M8: 860931 | N8: 860931
A9: LEGRAND COLOMBIA S.A | B9: P01180 | C9: 46260.447 | D9: AGOSTO | E9: Q3 | F9: INDUSTRIAL | G9: ELECTROBARRAS | H9: ELECTROBARRAS | I9: [63280182P] XCP-HP Al 1000A feeder element L=2001-2500 | J9: 9 | K9: COP | L9: 1924320 | M9: 17318880 | N9: 17318880
A10: LEGRAND COLOMBIA S.A | B10: P01180 | C10: 46260.447 | D10: AGOSTO | E10: Q3 | F10: INDUSTRIAL | G10: ELECTROBARRAS | H10: ELECTROBARRAS | I10: [63280312P] XCPH ANG HZ STD IZ T1 1000A AL | J10: 3 | K10: COP | L10: 1036830 | M10: 3110490 | N10: 3110490
A11: LEGRAND COLOMBIA S.A | B11: P01180 | C11: 46260.447 | D11: AGOSTO | E11: Q3 | F11: INDUSTRIAL | G11: ELECTROBARRAS | H11: ELECTROBARRAS | I11: [63280102P] XCPH TR 3M 1000A AL | J11: 65 | K11: COP | L11: 2347260 | M11: 152571900 | N11: 152571900
A12: LEGRAND COLOMBIA S.A | B12: P01180 | C12: 46260.447 | D12: AGOSTO | E12: Q3 | F12: INDUSTRIAL | G12: ELECTROBARRAS | H12: ELECTROBARRAS | I12: [63280412P] XCPH ANG VE STD IZ T1 1000A AL | J12: 7 | K12: COP | L12: 1413600 | M12: 9895200 | N12: 9895200
A13: LEGRAND COLOMBIA S.A | B13: P01180 | C13: 46260.447 | D13: AGOSTO | E13: Q3 | F13: INDUSTRIAL | G13: ELECTROBARRAS | H13: ELECTROBARRAS | I13: [63280172P] XCPH TR 1-1,5M 1000A AL | J13: 11 | K13: COP | L13: 1244310 | M13: 13687410 | N13: 13687410
... A26: LEGRAND COLOMBIA S.A | B26: P01180 | C26: 46260.447 | D26: AGOSTO | E26: Q3 | F26: INDUSTRIAL | G26: ELECTROBARRAS | H26: ELECTROBARRAS | I26: [50484005-E] Caja SCP Plug-in T2, 250A | J26: 1 | K26: COP | L26: 1786380 | M26: 1786380 | N26: 1786380
A27: LEGRAND COLOMBIA S.A | B27: P01180 | C27: 46260.447 | D27: AGOSTO | E27: Q3 | F27: INDUSTRIAL | G27: INDUSTRIAL | I27: [27105] INTERRUP DRX 3P,250A,ICU 35KA | J27: 1 | K27: COP | L27: 0 | M27: 0 | N27: 0
A28: LEGRAND COLOMBIA S.A | B28: P01180 | C28: 46260.447 | D28: AGOSTO | E28: Q3 | F28: INDUSTRIAL | G28: ELECTROBARRAS | H28: ELECTROBARRAS | I28: [27125] Interruptor Termomagnético Fijo DRX_250, 3P, 150A, Icu 65KA/220V | J28: 1 | K28: COP | L28: 0 | M28: 0 | N28: 0
A29: LEGRAND COLOMBIA S.A | B29: P01180 | C29: 46260.447 | D29: AGOSTO | E29: Q3 | F29: INDUSTRIAL | G29: ELECTROBARRAS | H29: ELECTROBARRAS | I29: [50484003-E] Caja SCP Plug-in T1, 160A | J29: 1 | K29: COP | L29: 897700 | M29: 897700 | N29: 897700
A30: LEGRAND COLOMBIA S.A | B30: P01180 | C30: 46260.447 | D30: AGOSTO | E30: Q3 | F30: INDUSTRIAL | G30: ELECTROBARRAS | H30: ELECTROBARRAS | I30: [63280722P] XCP-HP Al 1000A horizontal T-element T3 | J30: 1 | K30: COP | L30: 4846642 | M30: 4846642 | N30: 4846642
A31: LEGRAND COLOMBIA S.A | B31: P01180 | C31: 46260.447 | D31: AGOSTO | E31: Q3 | F31: INDUSTRIAL | G31: ELECTROBARRAS | H31: ELECTROBARRAS | I31: [63280332P] XCPH ANG HZ ESP IZ T1 1000A AL | J31: 1 | K31: COP | L31: 1354320 | M31: 1354320 | N31: 1354320
A32: LEGRAND COLOMBIA S.A | B32: P01180 | C32: 46260.447 | D32: AGOSTO | E32: Q3 | F32: INDUSTRIAL | G32: ELECTROBARRAS | H32: ELECTROBARRAS | I32: [63281012P] XCPH CONE IZ T1 1000A AL | J32: 1 | K32: COP | L32: 1162800 | M32: 1162800 | N32: 1162800
A33: LEGRAND COLOMBIA S.A | B33: P01180 | C33: 46260.447 | D33: AGOSTO | E33: Q3 | F33: INDUSTRIAL | G33: ELECTROBARRAS | H33: ELECTROBARRAS | I33: [63281022P] XCP-HP Al 1000A board-trans feed RH | J33: 1 | K33: COP | L33: 1217400 | M33: 1217400 | N33: 1217400
A34: LEGRAND COLOMBIA S.A | B34: P01180 | C34: 46260.447 | D34: AGOSTO | E34: Q3 | F34: INDUSTRIAL | G34: ELECTROBARRAS | H34: ELECTROBARRAS | I34: [VSCP1000AAL] SCP R+V AL 3M 1000A 3L+N+PE E | J34: 3 | K34: COP | L34: 97356 | M34: 292068 | N34: 292068
A35: LEGRAND COLOMBIA S.A | B35: P01180 | C35: 46260.447 | D35: AGOSTO | E35: Q3 | F35: INDUSTRIAL | G35: ELECTROBARRAS | H35: ELECTROBARRAS | I35: [50484006] Descripcion no disponible | J35: 1 | K35: COP | L35: 1777445 | M35: 1777445 | N35: 1777445
A36: LEGRAND COLOMBIA S.A | B36: P01180 | C36: 46260.447 | D36: AGOSTO | E36: Q3 | F36: INDUSTRIAL | G36: ELECTROBARRAS | H36: ELECTROBARRAS | I36: [CAP1000A] CAPOTA ELECTROBARRA X 1MT 1000A | J36: 70 | K36: COP | L36: 601853 | M36: 42129710 | N36: 42129710
A37: LEGRAND COLOMBIA S.A | B37: P01180 | C37: 46260.447 | D37: AGOSTO | E37: Q3 | F37: INDUSTRIAL | G37: ELECTROBARRAS | H37: ELECTROBARRAS | I37: [50401008] MR UNID ALIME DEREC AL 500A | J37: 1 | K37: COP | L37: 629557 | M37: 629557 | N37: 629557
A38: LEGRAND COLOMBIA S.A | B38: P01180 | C38: 46260.447 | D38: AGOSTO | E38: Q3 | F38: INDUSTRIAL | G38: ELECTROBARRAS | H38: ELECTROBARRAS | I38: [50400128] MR REC AL 1.5-3M 500A 3L+N+PE | J38: 15 | K38: COP | L38: 1469771 | M38: 22046565 | N38: 22046565
A39: LEGRAND COLOMBIA S.A | B39: P01180 | C39: 46260.447 | D39: AGOSTO | E39: Q3 | F39: INDUSTRIAL | G39: ELECTROBARRAS | H39: ELECTROBARRAS | I39: [50400318] MR ANG HORIZ IZQ AL 500A | J39: 5 | K39: COP | L39: 913415 | M39: 4567075 | N39: 4567075
... A58: LEGRAND COLOMBIA S.A | B58: P01161 | C58: 46240.648 | D58: AGOSTO | E58: Q3 | F58: TELECOMUNICACIONES | G58: DC & DC | H58: ACCESORIOS | I58: [RFBADEC] Accesorio para toma estilo decorador para cajas RFBA | J58: 8 | K58: USD | L58: 11.35 | M58: 90.8 | N58: 300262.89
A59: LEGRAND COLOMBIA S.A | B59: P01150 | C59: 46230.708 | D59: JULIO | E59: Q3 | F59: INDUSTRIAL | G59: INDUSTRIAL | I59: [555439] TEMPRA P17 CLAVIJA 32A 3P+N+T 380-415V IP67 | J59: 6 | K59: COP | L59: 77340 | M59: 464040 | N59: 464040
A60: LEGRAND COLOMBIA S.A | B60: P01149 | C60: 46227.399 | D60: JULIO | E60: Q3 | F60: TELECOMUNICACIONES | G60: DC & DC | H60: ACCESORIOS | I60: [RFBA4R25] CAJA DE ACERO PARA CONCRETO DE 4 SALIDAS. COMPATIBLE CON TAPA FPB Y FPC | J60: 2 | K60: USD | L60: 222.01 | M60: 444.02 | N60: 1468312
A61: LEGRAND COLOMBIA S.A | B61: P01149 | C61: 46227.399 | D61: JULIO | E61: Q3 | F61: TELECOMUNICACIONES | G61: DC & DC | H61: ACCESORIOS | I61: [RFBADP] Accesorio para una toma doble ojo para cajas RFBA | J61: 2 | K61: USD | L61: 12.18 | M61: 24.36 | N61: 80555.11
A62: LEGRAND COLOMBIA S.A | B62: P01149 | C62: 46227.399 | D62: JULIO | E62: Q3 | F62: TELECOMUNICACIONES | G62: DC & DC | H62: ACCESORIOS | I62: [RFBADEC] Accesorio para toma estilo decorador para cajas RFBA | J62: 6 | K62: USD | L62: 11.35 | M62: 68.1 | N62: 225197.17
A63: LEGRAND COLOMBIA S.A | B63: P01148 | C63: 46225.43 | D63: JULIO | E63: Q3 | F63: INDUSTRIAL | G63: INDUSTRIAL | I63: [3232-W] Tomacorriente dúplex blanca, 15 A 125 V | J63: 60 | K63: COP | L63: 2400 | M63: 144000 | N63: 144000
A64: LEGRAND COLOMBIA S.A | B64: P01141 | C64: 46255.552 | D64: AGOSTO | E64: Q3 | F64: POWER QUALITY | G64: DC & DC | I64: [ST15KT1DY] Transformador de Aislamiento de entrada | J64: 1 | K64: USD | L64: 3350 | M64: 3350 | N64: 11077981
A65: LEGRAND COLOMBIA S.A | B65: P01141 | C65: 46255.552 | D65: AGOSTO | E65: Q3 | F65: POWER QUALITY | G65: DC & DC | I65: [GABBAT-579AH-DK] GAB EXT 20 BAT DK 5-7-9AH | J65: 4 | K65: USD | L65: 386 | M65: 1544 | N65: 5105791.8
A66: LEGRAND COLOMBIA S.A | B66: P01140 | C66: 46218.463 | D66: JULIO | E66: Q3 | F66: SERVICIOS | G66: DC & DC | I66: [981412] 10-60 KVA KEOR T EVO RECT CONTROL BOARD | J66: 1 | K66: USD | L66: 384.38 | M66: 384.38 | N66: 1271090.8
A67: LEGRAND COLOMBIA S.A | B67: P01137 | C67: 46213.477 | D67: JULIO | E67: Q3 | F67: TELECOMUNICACIONES | G67: DC & DC | H67: ACCESORIOS | I67: [HDPSC6A-5PK] Plug de Ponchado en Campo RJ45 HD Categoría 6A S/FTP - F/UTP - U/FTP - U/UTP. Autoponchable. | J67: 40 | K67: USD | L67: 48 | M67: 1920 | N67: 6349171.2
A68: LEGRAND COLOMBIA S.A | B68: P01136 | C68: 46217.367 | D68: JULIO | E68: Q3 | F68: TELECOMUNICACIONES | G68: DC & DC | H68: CONTENCIÓN TELCO | I68: [19-84-T4SDA2132] Rack Abierto de 4 postes, 45U, Color Negro. | J68: 1 | K68: USD | L68: 795.17 | M68: 795.17 | N68: 2629515.9
A69: LEGRAND COLOMBIA S.A | B69: P01136 | C69: 46217.367 | D69: JULIO | E69: Q3 | F69: TELECOMUNICACIONES | G69: DC & DC | H69: PDU | I69: [R8BZ] MULTITOMA PDU BASICA HORIZONTAL 120V 15A NEMA 5-15P 8 SALIDAS NEMA 5-15R SUPRESOR 13KA | J69: 1 | K69: USD | L69: 84.2 | M69: 84.2 | N69: 278437.61
A70: LEGRAND COLOMBIA S.A | B70: P01136 | C70: 46217.367 | D70: JULIO | E70: Q3 | F70: TELECOMUNICACIONES | G70: DC & DC | H70: ACCESORIOS | I70: [GBH19KIT] KIT DE BARRAJE HORIZONTAL PARA RACK DE 1"X19-1/4" | J70: 1 | K70: USD | L70: 78.16 | M70: 78.16 | N70: 258464.18
A71: LEGRAND COLOMBIA S.A | B71: P01136 | C71: 46217.367 | D71: JULIO | E71: Q3 | F71: TELECOMUNICACIONES | G71: DC & DC | H71: ACCESORIOS | I71: [32624] PIGTAIL SM 12F CON LCOFNR 1M CAJA PRESENTACION CAJA X 12 UND | J71: 0 | K71: USD | L71: 43.74 | M71: 0 | N71: 0
A72: LEGRAND COLOMBIA S.A | B72: P01136 | C72: 46217.367 | D72: JULIO | E72: Q3 | F72: TELECOMUNICACIONES | G72: DC & DC | H72: FIBRA ÓPTICA | I72: [810-LL7-009] Patch cord V-series de fibra LC-LC Duplex, 9um, Monomodo OS2 Color Amarillo. 3 metros | J72: 0 | K72: USD | L72: 0 | M72: 0 | N72: 0
A73: LEGRAND COLOMBIA S.A | B73: P01136 | C73: 46217.367 | D73: JULIO | E73: Q3 | F73: TELECOMUNICACIONES | G73: DC & DC | H73: JACKS | I73: [KT2J6A-36] JACK KEYSTONE CAT 6A CLARITY U/UTP 10G AZUL | J73: 0 | K73: USD | L73: 4.68 | M73: 0 | N73: 0
A74: LEGRAND COLOMBIA S.A | B74: P01134 | C74: 46212.505 | D74: JULIO | E74: Q3 | F74: TELECOMUNICACIONES | G74: DC & DC | H74: ACCESORIOS | I74: [32162] BANDEJA 48 FIBRAS MULTIMODO 1RU DESLIZABLE INCLUYE: BANDEJA PORTA FUSIONES 24 HILOS, 2 PRENSA ESTOPA PARA ENTRADA FIBRA OPTICA, TORNILOS, 24 ADAPTADORES DUPLEX LC-LC | J74: 20 | K74: USD | L74: 62.08 | M74: 1241.6 | N74: 4105797.4
A75: LEGRAND COLOMBIA S.A | B75: P01134 | C75: 46212.505 | D75: JULIO | E75: Q3 | F75: TELECOMUNICACIONES | G75: DC & DC | H75: FIBRA ÓPTICA | I75: [32165] Bandeja de fibra 48 Fibras 1 RU Deslizable. Bandeja pre-armada para 48 Fibras Monomodo, Incluye: * Bandeja de protección de fusiones para 48 hilos * 2 prensaestopas para la entrada de la fibra óptica * Tornillos de Fijación * 24 Adaptadores duplex LC - LC | J75: 10 | K75: USD | L75: 62.08 | M75: 620.8 | N75: 2052898.7
A76: LEGRAND COLOMBIA S.A | B76: P01126 | C76: 46209.643 | D76: JULIO | E76: Q3 | F76: TELECOMUNICACIONES | G76: DC & DC | H76: ACCESORIOS | I76: [GB2X10TGB] BARRAJE SECUNDARIO DE PUESTA A TIERRA TELECOMUNICACIONESSBB TGB DE 1/4" X 4" X10" INCLUYE AISLADORES Y ANTIOXIDANTE | J76: 4 | K76: USD | L76: 83.48 | M76: 333.92 | N76: 1104226.7
A77: LEGRAND COLOMBIA S.A | B77: P01126 | C77: 46209.643 | D77: JULIO | E77: Q3 | F77: TELECOMUNICACIONES | G77: DC & DC | H77: ACCESORIOS | I77: [GB4X12J] Barraje Principal de Puesta a Tierra de Telecomunicaciones PBB / TMGB de diseño estándar de 1/4" X 4" X 12" | J77: 1 | K77: USD | L77: 127.22 | M77: 127.22 | N77: 420698.73
A78: LEGRAND COLOMBIA S.A | B78: P01126 | C78: 46209.643 | D78: JULIO | E78: Q3 | F78: TELECOMUNICACIONES | G78: DC & DC | H78: ACCESORIOS | I78: [GBH19KIT] KIT DE BARRAJE HORIZONTAL PARA RACK DE 1"X19-1/4" | J78: 6 | K78: USD | L78: 69.85 | M78: 419.1 | N78: 1385905
... A80: LEGRAND COLOMBIA S.A | B80: P01123 | C80: 46196.441 | D80: JUNIO | E80: Q2 | F80: INDUSTRIAL | G80: PHYSICAL SUPPORT | H80: DUCTO DLP | I80: [10802] UNION PARA CUBIERTA DE DUCTO105x50 | J80: 10 | K80: USD | L80: 1.25 | M80: 12.5 | N80: 41335.75
A81: LEGRAND COLOMBIA S.A | B81: P01119 | C81: 46195.406 | D81: JUNIO | E81: Q2 | F81: INDUSTRIAL | G81: INDUSTRIAL | I81: [IG-8300] Tomacorriente duplex con polo a tierra aislado (IG) para computador, grado hospitalario, 20A - 125V AC, NEMA 5-20R | J81: 20 | K81: COP | L81: 19125 | M81: 382500 | N81: 382500
A82: LEGRAND COLOMBIA S.A | B82: P01119 | C82: 46195.406 | D82: JUNIO | E82: Q2 | F82: INDUSTRIAL | G82: INDUSTRIAL | I82: [3232-W] Tomacorriente dúplex blanca, 15 A 125 V | J82: 30 | K82: COP | L82: 2400 | M82: 72000 | N82: 72000
A83: LEGRAND COLOMBIA S.A | B83: P01116 | C83: 46192.553 | D83: JUNIO | E83: Q2 | F83: POWER QUALITY | G83: DC & DC | I83: [310952] RAIL KIT RACK DX | J83: 16 | K83: USD | L83: 35.1 | M83: 561.6 | N83: 1857132.6
A84: LEGRAND COLOMBIA S.A | B84: P01115 | C84: 46191.685 | D84: JUNIO | E84: Q2 | F84: TELECOMUNICACIONES | G84: DC & DC | H84: PATCH CORD | I84: [051870] Patch cord V-series Categoría 6A, S/FTP, Diametro Reducido 26 AWG 6.2mm, 1 metro, rojo. LSZH | J84: 13 | K84: USD | L84: 6.85 | M84: 89.05 | N84: 294475.88
A85: LEGRAND COLOMBIA S.A | B85: P01115 | C85: 46191.685 | D85: JUNIO | E85: Q2 | F85: TELECOMUNICACIONES | G85: DC & DC | H85: PATCH CORD | I85: [51871] PATCH CORD CAT 6A S/FTP DIÁMETRO REDUCIDO 26 AWG LSZH 6.2 MM 2MTS ROJO | J85: 40 | K85: USD | L85: 8.84 | M85: 353.6 | N85: 1169305.7
A86: LEGRAND COLOMBIA S.A | B86: P01115 | C86: 46191.685 | D86: JUNIO | E86: Q2 | F86: TELECOMUNICACIONES | G86: DC & DC | H86: PATCH CORD | I86: [51871] PATCH CORD CAT 6A S/FTP DIÁMETRO REDUCIDO 26 AWG LSZH 6.2 MM 2MTS ROJO | J86: 27 | K86: USD | L86: 6.85 | M86: 184.95 | N86: 611603.76
A87: LEGRAND COLOMBIA S.A | B87: P01113 | C87: 46191.498 | D87: JUNIO | E87: Q2 | F87: TELECOMUNICACIONES | G87: DC & DC | H87: ACCESORIOS | I87: [KSFP1-88] Faceplate TechChoice Keystone Blanco 1 Salida | J87: 4 | K87: USD | L87: 2 | M87: 8 | N87: 26454.88
A88: LEGRAND COLOMBIA S.A | B88: P01113 | C88: 46191.498 | D88: JUNIO | E88: Q2 | F88: TELECOMUNICACIONES | G88: DC & DC | H88: PATCH CORD | I88: [MCZS6A10M-06] Patch cord Clarity Categoría 6A, F/UTP, Diametro Reducido 26 AWG 6.2mm, 1 metro, azul. LSZH | J88: 3 | K88: USD | L88: 10.9 | M88: 32.7 | N88: 108134.32
A89: LEGRAND COLOMBIA S.A | B89: P01113 | C89: 46191.498 | D89: JUNIO | E89: Q2 | F89: TELECOMUNICACIONES | G89: DC & DC | H89: PATCH CORD | I89: [MCZS6A20M-06] PATCH CORD CAT 6A F/UTP DIÁMETRO REDUCIDO 26AWG 6,2MM 2MTS LZSH AZUL | J89: 6 | K89: USD | L89: 13.6 | M89: 81.6 | N89: 269839.78
A90: LEGRAND COLOMBIA S.A | B90: P01112 | C90: 46191.394 | D90: JUNIO | E90: Q2 | F90: INDUSTRIAL | G90: PHYSICAL SUPPORT | H90: DUCTO DLP | I90: [10522] CUBIERTA SENCILLA ANCHO 85MM APLICA COMO CUBIERTA X TRAMO 2MTS | J90: 10 | K90: USD | L90: 5.98 | M90: 59.8 | N90: 197750.23
A91: LEGRAND COLOMBIA S.A | B91: P01112 | C91: 46191.394 | D91: JUNIO | E91: Q2 | F91: INDUSTRIAL | G91: PHYSICAL SUPPORT | H91: DUCTO DLP | I91: [10785] Ángulo plano variable | J91: 10 | K91: USD | L91: 5.91 | M91: 59.1 | N91: 195435.43
A92: LEGRAND COLOMBIA S.A | B92: P01112 | C92: 46191.394 | D92: JUNIO | E92: Q2 | F92: INDUSTRIAL | G92: PHYSICAL SUPPORT | H92: DUCTO DLP | I92: [10953] Marco plano para instalar 3 módulos | J92: 6 | K92: USD | L92: 3.64 | M92: 21.84 | N92: 72221.822
A93: LEGRAND COLOMBIA S.A | B93: P01112 | C93: 46191.394 | D93: JUNIO | E93: Q2 | F93: INDUSTRIAL | G93: PHYSICAL SUPPORT | H93: DUCTO DLP | I93: [10702] TAPA FINAL | J93: 20 | K93: USD | L93: 1.43 | M93: 28.6 | N93: 94576.196
A94: LEGRAND COLOMBIA S.A | B94: P01108 | C94: 46190.654 | D94: JUNIO | E94: Q2 | F94: TELECOMUNICACIONES | G94: DC & DC | H94: ACCESORIOS | I94: [3411] FACEPLATE KEYSTONE BLANCO DOS SALIDAS | J94: 500 | K94: USD | L94: 1.04 | M94: 520 | N94: 1719567.2
A95: LEGRAND COLOMBIA S.A | B95: P01108 | C95: 46190.654 | D95: JUNIO | E95: Q2 | F95: TELECOMUNICACIONES | G95: DC & DC | H95: ACCESORIOS | I95: [3410] FACEPLATE KEYSTONE BLANCO UNA SALIDA | J95: 500 | K95: USD | L95: 1.04 | M95: 520 | N95: 1719567.2
... A110: LEGRAND COLOMBIA S.A | B110: P01107 | C110: 46190.385 | D110: JUNIO | E110: Q2 | F110: TELECOMUNICACIONES | G110: DC & DC | H110: ACCESORIOS | I110: [HDPSC6A-5PK] Plug de Ponchado en Campo RJ45 HD Categoría 6A S/FTP - F/UTP - U/FTP - U/UTP. Autoponchable. | J110: 50 | K110: USD | L110: 47.6 | M110: 2380 | N110: 7870326.8
A111: LEGRAND COLOMBIA S.A | B111: P01106 | C111: 46184.716 | D111: JUNIO | E111: Q2 | F111: INDUSTRIAL | G111: INDUSTRIAL | I111: [IG-8300] Tomacorriente duplex con polo a tierra aislado (IG) para computador, grado hospitalario, 20A - 125V AC, NEMA 5-20R | J111: 500 | K111: COP | L111: 19125 | M111: 9562500 | N111: 9562500
A112: LEGRAND COLOMBIA S.A | B112: P01105 | C112: 46184.711 | D112: JUNIO | E112: Q2 | F112: TELECOMUNICACIONES | G112: DC & DC | H112: JACKS | I112: [684636] Caja IP66 IK08 con tapa semi-transparente para Jack de Comunicaciones 076576, 079476, 076564 y 079464 | J112: 96 | K112: USD | L112: 23.36 | M112: 2242.56 | N112: 7415832
A113: LEGRAND COLOMBIA S.A | B113: P01105 | C113: 46184.711 | D113: JUNIO | E113: Q2 | F113: TELECOMUNICACIONES | G113: DC & DC | H113: JACKS | I113: [076576] Jack categoría 6A para caja 684636, U/UTP - U/FTP - F/UTP - S/FTP, 10Gbps. Color: Blanco, Autoponchable | J113: 152 | K113: USD | L113: 5.58 | M113: 848.16 | N113: 2804746.4
A114: LEGRAND COLOMBIA S.A | B114: P01105 | C114: 46184.711 | D114: JUNIO | E114: Q2 | F114: TELECOMUNICACIONES | G114: DC & DC | H114: CABLE UTP | I114: [LEGUFTP6AOPE-00] [LEGUFTP6AOPE-00] Cable categoría 6A Exterior, U/FTP 500Mhz, 10Gbps, 23AWG, color negro. PE. Presentación carrete de 305 metros | J114: 29 | K114: USD | L114: 164.7 | M114: 4776.3 | N114: 15794555
A115: LEGRAND COLOMBIA S.A | B115: P01105 | C115: 46184.711 | D115: JUNIO | E115: Q2 | F115: TELECOMUNICACIONES | G115: DC & DC | H115: PATCH CORD | I115: [OR-MCZS6A10M-06] Patch cord Clarity Categoría 6A, F/UTP, Diametro Reducido 26 AWG 6.2mm, 1 metros, azul. LSZH | J115: 100 | K115: USD | L115: 2.98 | M115: 298 | N115: 985444.28
A116: LEGRAND COLOMBIA S.A | B116: P01105 | C116: 46184.711 | D116: JUNIO | E116: Q2 | F116: TELECOMUNICACIONES | G116: DC & DC | H116: PATCH CORD | I116: [OR-MCZS6A20M-06] Patch cord Clarity Categoría 6A, F/UTP, Diametro Reducido 26 AWG 6.2mm, 2 metros, azul. LSZH | J116: 110 | K116: USD | L116: 4.08 | M116: 448.8 | N116: 1484118.8
A117: LEGRAND COLOMBIA S.A | B117: P01105 | C117: 46184.711 | D117: JUNIO | E117: Q2 | F117: TELECOMUNICACIONES | G117: DC & DC | H117: ACCESORIOS | I117: [632850] HERRAJE 24 PUERTOS PLANO COMPATIBLE CON JACKS KEYSTONE 6A, 6 Y 5E, S/FTP, F/FTP, F/UTP, U/FTP, U/UTP. INCLUYE ORGANIZADOR POSTERIOR | J117: 19 | K117: USD | L117: 25.06 | M117: 476.14 | N117: 1574528.3
A118: LEGRAND COLOMBIA S.A | B118: P01105 | C118: 46184.711 | D118: JUNIO | E118: Q2 | F118: TELECOMUNICACIONES | G118: DC & DC | H118: JACKS | I118: [632905] JACK LK63 KEYSTONE CAT 6A, U/UTP-F/UTP-S/FTP, 10 GBPS. 100% METALICO. AUTOPONCHABLE | J118: 5 | K118: USD | L118: 98.82 | M118: 494.1 | N118: 1633919.5
A119: LEGRAND COLOMBIA S.A | B119: P01105 | C119: 46184.711 | D119: JUNIO | E119: Q2 | F119: TELECOMUNICACIONES | G119: DC & DC | H119: ACCESORIOS | I119: [32175] BANDEJA FO QUICKFIX 1U 4 CAS | J119: 19 | K119: USD | L119: 23.49 | M119: 446.31 | N119: 1475884.7
A120: LEGRAND COLOMBIA S.A | B120: P01105 | C120: 46184.711 | D120: JUNIO | E120: Q2 | F120: TELECOMUNICACIONES | G120: DC & DC | H120: FIBRA ÓPTICA | I120: [32141] Casete estándar para fusión de fibra óptica, capacidad 1 módulo de fibra óptica, incluye espacio para protectores de fusión para 24 fibras y 2 prensaestopas PG11, compatible | J120: 28 | K120: USD | L120: 33.37 | M120: 934.36 | N120: 3089797.7
A121: LEGRAND COLOMBIA S.A | B121: P01105 | C121: 46184.711 | D121: JUNIO | E121: Q2 | F121: TELECOMUNICACIONES | G121: DC & DC | H121: ACCESORIOS | I121: [32125] ACOPLADOR LC MM 24 H | J121: 28 | K121: USD | L121: 35.91 | M121: 1005.48 | N121: 3324981.6
A122: LEGRAND COLOMBIA S.A | B122: P01105 | C122: 46184.711 | D122: JUNIO | E122: Q2 | F122: TELECOMUNICACIONES | G122: DC & DC | H122: ACCESORIOS | I122: [205KAN9GA-MM] CONECTOR ANAERÓBICO LC MULTIMODO (CONECTORIZACIONTRADICIONAL MEDIANTE PEGANTE EPOXICO) | J122: 168 | K122: USD | L122: 4.95 | M122: 831.6 | N122: 2749984.8
A123: LEGRAND COLOMBIA S.A | B123: P01105 | C123: 46184.711 | D123: JUNIO | E123: Q2 | F123: TELECOMUNICACIONES | G123: DC & DC | H123: FIBRA ÓPTICA | I123: [852-LL2-006-55L] Patch cord V-series de fibra LC-LC Duplex, 50um, Multimodo OM4 Color Aqua. 2 metros | J123: 28 | K123: USD | L123: 13.19 | M123: 369.32 | N123: 1221289.5
... A133: LEGRAND COLOMBIA S.A | B133: P01092 | C133: 46174.68 | D133: JUNIO | E133: Q2 | F133: POWER QUALITY | G133: DC & DC | H133: RTS | I133: [PX3TS-1876CR] Transferencia automática inteligente para rack 1U 200V - 240V, 24A, Entrada: (2) IEC 60320 C20, Salidas: 8 x IEC C13. Tiempo de Transferencia: 4ms to 8 ms. Capacidad: 3.3 KVA. | J133: 2 | K133: USD | L133: 1526 | M133: 3052 | N133: 10092537
A134: LEGRAND COLOMBIA S.A | B134: P01091 | C134: 46171.654 | D134: MAYO | E134: Q2 | F134: INDUSTRIAL | G134: INDUSTRIAL | I134: [LG-341963] BANDEJA RETIX LEGRAND 54/200 EZ | J134: 448 | K134: COP | L134: 62034 | M134: 27791232 | N134: 27791232
A135: LEGRAND COLOMBIA S.A | B135: P01091 | C135: 46171.654 | D135: MAYO | E135: Q2 | F135: INDUSTRIAL | G135: INDUSTRIAL | I135: [LG-341964] BANDEJA RETIX LEGRAND 54/300 EZ | J135: 320 | K135: COP | L135: 75080 | M135: 24025600 | N135: 24025600
A136: LEGRAND COLOMBIA S.A | B136: P01091 | C136: 46171.654 | D136: MAYO | E136: Q2 | F136: INDUSTRIAL | G136: INDUSTRIAL | I136: [CM558340] UNION FASLOCK S | J136: 7 | K136: COP | L136: 74250 | M136: 519750 | N136: 519750
A137: LEGRAND COLOMBIA S.A | B137: P01091 | C137: 46171.654 | D137: MAYO | E137: Q2 | F137: INDUSTRIAL | G137: INDUSTRIAL | I137: [CM558320] UNION FASLOCK XL | J137: 7 | K137: COP | L137: 85050 | M137: 595350 | N137: 595350
A138: LEGRAND COLOMBIA S.A | B138: P01091 | C138: 46171.654 | D138: MAYO | E138: Q2 | F138: INDUSTRIAL | G138: INDUSTRIAL | I138: [CM585160] CABLEXIT GS DEV100GS-SAL (BOLSA X 10 PIEZAS) | J138: 7 | K138: COP | L138: 9160 | M138: 64120 | N138: 64120
A139: LEGRAND COLOMBIA S.A | B139: P01087 | C139: 46170.671 | D139: MAYO | E139: Q2 | F139: INDUSTRIAL | G139: INDUSTRIAL | I139: [CM923050] UNION COT GS COTJGS | J139: 2 | K139: COP | L139: 170500 | M139: 341000 | N139: 341000
A140: LEGRAND COLOMBIA S.A | B140: P01086 | C140: 46169.654 | D140: MAYO | E140: Q2 | F140: INDUSTRIAL | G140: INDUSTRIAL | I140: [LG-341963] BANDEJA RETIX LEGRAND 54/200 EZ | J140: 32 | K140: COP | L140: 62034 | M140: 1985088 | N140: 1985088
A141: LEGRAND COLOMBIA S.A | B141: P01085 | C141: 46169.653 | D141: MAYO | E141: Q2 | F141: INDUSTRIAL | G141: INDUSTRIAL | I141: [CM000071] REJILLA CF54/100BSEZ TRAMO 3 METROS | J141: 10 | K141: COP | L141: 81730 | M141: 817300 | N141: 817300
A142: LEGRAND COLOMBIA S.A | B142: P01085 | C142: 46169.653 | D142: MAYO | E142: Q2 | F142: INDUSTRIAL | G142: INDUSTRIAL | I142: [CM000091] REJILLA CF54/200BSEZ TRAMO 3 METROS | J142: 0 | K142: COP | L142: 44763 | M142: 0 | N142: 0
A143: LEGRAND COLOMBIA S.A | B143: P01085 | C143: 46169.653 | D143: MAYO | E143: Q2 | F143: INDUSTRIAL | G143: INDUSTRIAL | I143: [CM000201] CF54/400BSEZ - BANDEJA TRAMO 3m | J143: 0 | K143: COP | L143: 0 | M143: 0 | N143: 0
A144: LEGRAND COLOMBIA S.A | B144: P01085 | C144: 46169.653 | D144: MAYO | E144: Q2 | F144: INDUSTRIAL | G144: INDUSTRIAL | I144: [CM000401] REJILLA-CF54/600BSEZ - BANDEJA | J144: 0 | K144: COP | L144: 250580 | M144: 0 | N144: 0
A145: LEGRAND COLOMBIA S.A | B145: P01085 | C145: 46169.653 | D145: MAYO | E145: Q2 | F145: INDUSTRIAL | G145: INDUSTRIAL | I145: [CM558340] UNION FASLOCK S | J145: 4 | K145: COP | L145: 97250 | M145: 389000 | N145: 389000
... A150: LEGRAND COLOMBIA S.A | B150: P01084 | C150: 46167.728 | D150: MAYO | E150: Q2 | F150: INDUSTRIAL | G150: INDUSTRIAL | I150: [646221] Gabinete de Pared Linkeo Pivotante 9 U 550 mm de ancho 610 mm de Profundidad | J150: 1 | K150: USD | L150: 647.12 | M150: 647.12 | N150: 2139935.2
A151: LEGRAND COLOMBIA S.A | B151: P01084 | C151: 46167.728 | D151: MAYO | E151: Q2 | F151: TELECOMUNICACIONES | G151: DC & DC | H151: PDU | I151: [R8BZ] MULTITOMA PDU BASICA HORIZONTAL 120V 15A NEMA 5-15P 8 SALIDAS NEMA 5-15R SUPRESOR 13KA | J151: 1 | K151: USD | L151: 94.72 | M151: 94.72 | N151: 313225.78
A152: LEGRAND COLOMBIA S.A | B152: P01084 | C152: 46167.728 | D152: MAYO | E152: Q2 | F152: TELECOMUNICACIONES | G152: DC & DC | H152: ACCESORIOS | I152: [GBH19KIT] KIT DE BARRAJE HORIZONTAL PARA RACK DE 1"X19-1/4" | J152: 1 | K152: USD | L152: 87.93 | M152: 87.93 | N152: 290772.2
A153: LEGRAND COLOMBIA S.A | B153: P01084 | C153: 46167.728 | D153: MAYO | E153: Q2 | F153: TELECOMUNICACIONES | G153: DC & DC | H153: ACCESORIOS | I153: [61500858] BREKOUT KIT 12 FIBRAS 2.5 MT | J153: 2 | K153: USD | L153: 47.99 | M153: 95.98 | N153: 317392.42
A154: LEGRAND COLOMBIA S.A | B154: P01084 | C154: 46167.728 | D154: MAYO | E154: Q2 | F154: TELECOMUNICACIONES | G154: DC & DC | H154: FIBRA ÓPTICA | I154: [32635] PATCH CORD DE FIBRA LCLC DUPLEX 50UM MULTIMODO OM4 2 MTS | J154: 4 | K154: USD | L154: 18.84 | M154: 75.36 | N154: 249204.97
A155: LEGRAND COLOMBIA S.A | B155: P01084 | C155: 46167.728 | D155: MAYO | E155: Q2 | F155: TELECOMUNICACIONES | G155: DC & DC | H155: PATCH CORD | I155: [MCZS6A20M-06] PATCH CORD CAT 6A F/UTP DIÁMETRO REDUCIDO 26AWG 6,2MM 2MTS LZSH AZUL | J155: 15 | K155: USD | L155: 10.91 | M155: 163.65 | N155: 541167.64
A156: LEGRAND COLOMBIA S.A | B156: P01084 | C156: 46167.728 | D156: MAYO | E156: Q2 | F156: TELECOMUNICACIONES | G156: DC & DC | H156: FIBRA ÓPTICA | I156: [205KNT9GA-50T] Conector Pré-pulido (Reutilizable) LC multimodo, empalme mecánico. | J156: 24 | K156: USD | L156: 27.72 | M156: 665.28 | N156: 2199987.8
A157: LEGRAND COLOMBIA S.A | B157: P01083 | C157: 46164.385 | D157: MAYO | E157: Q2 | F157: TELECOMUNICACIONES | G157: DC & DC | H157: ACCESORIOS | I157: [3411] FACEPLATE KEYSTONE BLANCO DOS SALIDAS | J157: 90 | K157: USD | L157: 1.28 | M157: 115.2 | N157: 380950.27
A158: LEGRAND COLOMBIA S.A | B158: P01078 | C158: 46162.749 | D158: MAYO | E158: Q2 | F158: POWER QUALITY | G158: DC & DC | I158: [SETTA6K-DAKBF-G] SET Transformador Aislamiento 6kVA + Gabinete Daker | J158: 1 | K158: USD | L158: 1024.28 | M158: 1024.28 | N158: 3387150.6
...
